<?xml version = '1.0' encoding = 'UTF-8'?>
<Diagram class="oracle.dbtools.crest.swingui.logical.DPVLogical" name="Logical" id="BCAD511D-BCA6-1ED2-E63C-25A59658B2D8">
<createdBy>Desktop</createdBy>
<modifiedBy>Desktop</modifiedBy>
<createdTime>2024-11-16 16:54:08 UTC</createdTime>
<autoRoute>false</autoRoute>
<boxInbox>true</boxInbox>
<showLegend>false</showLegend>
<showLabels>false</showLabels>
<showRelAttributes>false</showRelAttributes>
<gridEnabled>false</gridEnabled>
<showGrid>false</showGrid>
<diagramColor>-1</diagramColor>
<display>false</display>
<notation>2</notation>
<objectViews>
<OView class="oracle.dbtools.crest.swingui.logical.TVEntity" oid="06DAF2CD-12E4-FCE3-4EE1-4D679F3CE568" otype="Entity" vid="977041B7-96D0-1B0D-3998-69FD82FCDB91">
<hideElementsInCurrentOnly>false</hideElementsInCurrentOnly>
<bounds x="805" y="131" width="223" height="74"/>
</OView>
<OView class="oracle.dbtools.crest.swingui.logical.TVEntity" oid="0F14493F-420F-9F36-F4B1-0370CEEF6455" otype="Entity" vid="674C48B7-E642-1296-EDF3-772000D313DA">
<hideElementsInCurrentOnly>false</hideElementsInCurrentOnly>
<bounds x="434" y="347" width="235" height="74"/>
</OView>
<OView class="oracle.dbtools.crest.swingui.logical.TVEntity" oid="0FA0EA9B-1278-60BF-EC60-8C5CF457AAE1" otype="Entity" vid="26F2D4C3-39F3-59C9-F64E-27C3150C1696">
<hideElementsInCurrentOnly>false</hideElementsInCurrentOnly>
<bounds x="73" y="735" width="202" height="88"/>
</OView>
<OView class="oracle.dbtools.crest.swingui.logical.TVEntity" oid="11664E48-9BFB-E35E-5C65-9862CD2812DB" otype="Entity" vid="C0B36E0D-E525-76FD-9320-6A767E480D80">
<hideElementsInCurrentOnly>false</hideElementsInCurrentOnly>
<bounds x="369" y="736" width="213" height="88"/>
</OView>
<OView class="oracle.dbtools.crest.swingui.logical.TVEntity" oid="143D6F7F-3346-C4F8-FDF9-0CB6FDD197B5" otype="Entity" vid="4DE811BB-DD73-684D-DA07-78DA19A4DE4D">
<hideElementsInCurrentOnly>false</hideElementsInCurrentOnly>
<bounds x="451" y="113" width="223" height="116"/>
<useCustomFormat>true</useCustomFormat>
<useDefaultColor>false</useDefaultColor>
<backgroundColor>-16711783</backgroundColor>
<foregroundColor>-16776961</foregroundColor>
<fonts itemClass="oracle.dbtools.crest.model.design.FontObjectWr">
<FontObject>
<foType>Título</foType>
<fontStyle>1</fontStyle>
<colorRGB>-16776961</colorRGB>
</FontObject>
<FontObject>
<foType>Atributo</foType>
<colorRGB>-16777216</colorRGB>
</FontObject>
<FontObject>
<foType>Tipo de dados</foType>
<colorRGB>-16744448</colorRGB>
</FontObject>
<FontObject>
<foType>Elemento da Chave Primária</foType>
<colorRGB>-16776961</colorRGB>
</FontObject>
<FontObject>
<foType>Elemento da Chave Estrangeira</foType>
<colorRGB>-16777216</colorRGB>
</FontObject>
<FontObject>
<foType>Elemento de Chave Exclusiva</foType>
<colorRGB>-16776961</colorRGB>
</FontObject>
<FontObject>
<foType>NOT NULL</foType>
<colorRGB>-65536</colorRGB>
</FontObject>
<FontObject>
<foType>Chave</foType>
<colorRGB>-16777216</colorRGB>
</FontObject>
<FontObject>
<foType>Comentários</foType>
<colorRGB>-12566464</colorRGB>
</FontObject>
</fonts>
</OView>
<OView class="oracle.dbtools.crest.swingui.logical.TVEntity" oid="36B25205-D2A4-CF52-BF9A-2AE48AC387F3" otype="Entity" vid="323DCEE8-D8FD-DA6E-6EAE-91EF3C3EF7B3">
<hideElementsInCurrentOnly>false</hideElementsInCurrentOnly>
<bounds x="81" y="301" width="235" height="172"/>
</OView>
<OView class="oracle.dbtools.crest.swingui.logical.TVEntity" oid="5D26C429-4CA0-F038-105C-D23D8AE1F174" otype="Entity" vid="D73785DA-595B-3D22-9491-F1317040B916">
<hideElementsInCurrentOnly>false</hideElementsInCurrentOnly>
<bounds x="772" y="315" width="236" height="158"/>
</OView>
<OView class="oracle.dbtools.crest.swingui.logical.TVEntity" oid="6303DF7E-3E4F-45C6-F28D-4F6C3F1E8752" otype="Entity" vid="5ADEF044-F08F-61EE-84CA-A40956A9A1AA">
<hideElementsInCurrentOnly>false</hideElementsInCurrentOnly>
<bounds x="663" y="739" width="228" height="74"/>
</OView>
<OView class="oracle.dbtools.crest.swingui.logical.TVEntity" oid="EE95ED78-F5A5-350C-9EFA-D2693D6F080C" otype="Entity" vid="903F9592-20BE-92DA-3A92-BEF1BADCA197">
<hideElementsInCurrentOnly>false</hideElementsInCurrentOnly>
<bounds x="70" y="122" width="266" height="102"/>
</OView>
<OView class="oracle.dbtools.crest.swingui.logical.TVEntity" oid="F21D5C58-DA05-111C-498E-84C32C9EC1AB" otype="Entity" vid="0269A302-8F53-A35B-7763-1D539DEC9480">
<hideElementsInCurrentOnly>false</hideElementsInCurrentOnly>
<bounds x="802" y="571" width="234" height="74"/>
</OView>
<OView class="oracle.dbtools.crest.swingui.logical.TVEntity" oid="F335B63C-6E44-757A-53CE-FEDE00647E75" otype="Entity" vid="A66A36E7-6C3A-7B5E-A4CD-F7DF4161B0B1">
<hideElementsInCurrentOnly>false</hideElementsInCurrentOnly>
<bounds x="76" y="534" width="226" height="144"/>
</OView>
</objectViews>
<connectors>
<Connector class="oracle.dbtools.crest.swingui.logical.TVRelation" oid="10BD83C5-8E7D-6A3B-4C68-1F4BDFACB492" otype="Relation" vid_source="A66A36E7-6C3A-7B5E-A4CD-F7DF4161B0B1" vid_target="D73785DA-595B-3D22-9491-F1317040B916">
<hideElementsInCurrentOnly>false</hideElementsInCurrentOnly>
<backgroundColor>-16777216</backgroundColor>
<lineWidth>1</lineWidth>
<points>
<point x="302" y="571"/>
<point x="772" y="429"/>
</points>
</Connector>
<Connector class="oracle.dbtools.crest.swingui.logical.TVRelation" oid="118A02FA-ED20-F5C5-1730-F80B16A71E77" otype="Relation" vid_source="674C48B7-E642-1296-EDF3-772000D313DA" vid_target="323DCEE8-D8FD-DA6E-6EAE-91EF3C3EF7B3">
<hideElementsInCurrentOnly>false</hideElementsInCurrentOnly>
<backgroundColor>-16777216</backgroundColor>
<lineWidth>1</lineWidth>
<points>
<point x="434" y="384"/>
<point x="316" y="384"/>
</points>
</Connector>
<Connector class="oracle.dbtools.crest.swingui.logical.TVRelation" oid="358C738B-104D-1285-FCF9-16F9945BB1D6" otype="Relation" vid_source="5ADEF044-F08F-61EE-84CA-A40956A9A1AA" vid_target="C0B36E0D-E525-76FD-9320-6A767E480D80">
<hideElementsInCurrentOnly>false</hideElementsInCurrentOnly>
<backgroundColor>-16777216</backgroundColor>
<lineWidth>1</lineWidth>
<points>
<point x="663" y="776"/>
<point x="582" y="776"/>
</points>
</Connector>
<Connector class="oracle.dbtools.crest.swingui.logical.TVRelation" oid="3994E467-F3C3-4EC3-CF22-EC24DD4AA8B2" otype="Relation" vid_source="674C48B7-E642-1296-EDF3-772000D313DA" vid_target="D73785DA-595B-3D22-9491-F1317040B916">
<hideElementsInCurrentOnly>false</hideElementsInCurrentOnly>
<backgroundColor>-16777216</backgroundColor>
<lineWidth>1</lineWidth>
<points>
<point x="669" y="384"/>
<point x="772" y="384"/>
</points>
</Connector>
<Connector class="oracle.dbtools.crest.swingui.logical.TVRelation" oid="3EE8A18F-EF88-2052-ED7A-167C83184349" otype="Relation" vid_source="A66A36E7-6C3A-7B5E-A4CD-F7DF4161B0B1" vid_target="323DCEE8-D8FD-DA6E-6EAE-91EF3C3EF7B3">
<hideElementsInCurrentOnly>false</hideElementsInCurrentOnly>
<backgroundColor>-16777216</backgroundColor>
<lineWidth>1</lineWidth>
<points>
<point x="191" y="534"/>
<point x="191" y="473"/>
</points>
</Connector>
<Connector class="oracle.dbtools.crest.swingui.logical.TVRelation" oid="4B919930-621E-59D2-B77F-EB13557B6B54" otype="Relation" vid_source="323DCEE8-D8FD-DA6E-6EAE-91EF3C3EF7B3" vid_target="4DE811BB-DD73-684D-DA07-78DA19A4DE4D">
<hideElementsInCurrentOnly>false</hideElementsInCurrentOnly>
<backgroundColor>-16777216</backgroundColor>
<lineWidth>1</lineWidth>
<points>
<point x="316" y="317"/>
<point x="464" y="229"/>
</points>
</Connector>
<Connector class="oracle.dbtools.crest.swingui.logical.TVRelation" oid="58C0F055-9876-B247-E4CF-C16C7CC643CF" otype="Relation" vid_source="C0B36E0D-E525-76FD-9320-6A767E480D80" vid_target="26F2D4C3-39F3-59C9-F64E-27C3150C1696">
<hideElementsInCurrentOnly>false</hideElementsInCurrentOnly>
<backgroundColor>-16777216</backgroundColor>
<lineWidth>1</lineWidth>
<points>
<point x="369" y="779"/>
<point x="275" y="779"/>
</points>
</Connector>
<Connector class="oracle.dbtools.crest.swingui.logical.TVRelation" oid="680DCF8E-CECE-7762-A8B3-79F986CC67FE" otype="Relation" vid_source="D73785DA-595B-3D22-9491-F1317040B916" vid_target="4DE811BB-DD73-684D-DA07-78DA19A4DE4D">
<hideElementsInCurrentOnly>false</hideElementsInCurrentOnly>
<backgroundColor>-16777216</backgroundColor>
<lineWidth>1</lineWidth>
<points>
<point x="773" y="315"/>
<point x="647" y="229"/>
</points>
</Connector>
<Connector class="oracle.dbtools.crest.swingui.logical.TVRelation" oid="6FEBCCC4-25D6-6AEA-D8B1-E22488CCE204" otype="Relation" vid_source="977041B7-96D0-1B0D-3998-69FD82FCDB91" vid_target="4DE811BB-DD73-684D-DA07-78DA19A4DE4D">
<hideElementsInCurrentOnly>false</hideElementsInCurrentOnly>
<backgroundColor>-16777216</backgroundColor>
<lineWidth>1</lineWidth>
<points>
<point x="805" y="168"/>
<point x="674" y="168"/>
</points>
</Connector>
<Connector class="oracle.dbtools.crest.swingui.logical.TVRelation" oid="76FF5837-4B90-9B60-FA44-31B5ABE43983" otype="Relation" vid_source="323DCEE8-D8FD-DA6E-6EAE-91EF3C3EF7B3" vid_target="903F9592-20BE-92DA-3A92-BEF1BADCA197">
<hideElementsInCurrentOnly>false</hideElementsInCurrentOnly>
<backgroundColor>-16777216</backgroundColor>
<lineWidth>1</lineWidth>
<points>
<point x="198" y="301"/>
<point x="198" y="224"/>
</points>
</Connector>
<Connector class="oracle.dbtools.crest.swingui.logical.TVRelation" oid="E2C15E6B-9BCA-05D3-7202-97C01CD6F371" otype="Relation" vid_source="26F2D4C3-39F3-59C9-F64E-27C3150C1696" vid_target="A66A36E7-6C3A-7B5E-A4CD-F7DF4161B0B1">
<hideElementsInCurrentOnly>false</hideElementsInCurrentOnly>
<backgroundColor>-16777216</backgroundColor>
<lineWidth>1</lineWidth>
<points>
<point x="175" y="735"/>
<point x="175" y="678"/>
</points>
</Connector>
<Connector class="oracle.dbtools.crest.swingui.logical.TVRelation" oid="FAE5F2EB-DA42-3B9B-C09B-758D675AFA82" otype="Relation" vid_source="0269A302-8F53-A35B-7763-1D539DEC9480" vid_target="D73785DA-595B-3D22-9491-F1317040B916">
<hideElementsInCurrentOnly>false</hideElementsInCurrentOnly>
<backgroundColor>-16777216</backgroundColor>
<lineWidth>1</lineWidth>
<points>
<point x="905" y="571"/>
<point x="905" y="473"/>
</points>
</Connector>
</connectors>
</Diagram>
