<?xml version = '1.0' encoding = 'UTF-8'?>
<Entity class="oracle.dbtools.crest.model.design.logical.Entity" directorySegmentName="seg_0" id="06DAF2CD-12E4-FCE3-4EE1-4D679F3CE568" name="T_TYPE_SERVICE">
<createdBy>labsfiap</createdBy>
<createdTime>2024-11-19 13:53:23 UTC</createdTime>
<ownerDesignName>teste</ownerDesignName>
<engineerTo>
<item key="E523AF7F-8A4A-D754-73E7-2C11D3CF8100" value="true"/>
</engineerTo>
<adequatelyNormalized>NO</adequatelyNormalized>
<expectedVolumes>0</expectedVolumes>
<fwdEngineeringStrategyName>Single Table</fwdEngineeringStrategyName>
<growthPercent>0</growthPercent>
<growthType>Year</growthType>
<maxVolumes>9999999</maxVolumes>
<minVolumes>0</minVolumes>
<normalForm>Third</normalForm>
<attributes itemClass="oracle.dbtools.crest.model.design.logical.Attribute">
<Attribute name="ID_TP_SERVICE" id="E9B8431F-2D62-FC4D-0060-CD1A19E6F4E6">
<createdBy>labsfiap</createdBy>
<createdTime>2024-11-19 13:53:29 UTC</createdTime>
<commentInRDBMS><![CDATA[Esse atributo irá receber a chave primária do tipo de servico. Esse número é sequencial e gerado automaticamente pelo sistema. Seu conteúdo é obrigatório.]]></commentInRDBMS>
<ownerDesignName>teste</ownerDesignName>
<engineerTo>
<item key="E523AF7F-8A4A-D754-73E7-2C11D3CF8100" value="true"/>
</engineerTo>
<useDomainConstraints>false</useDomainConstraints>
<use>1</use>
<logicalDatatype>LOGDT019</logicalDatatype>
<ownDataTypeParameters>,,</ownDataTypeParameters>
</Attribute>
<Attribute name="SOLUTIONS" id="55FF8E35-EAE6-FFDB-AC03-F840563033BB">
<createdBy>labsfiap</createdBy>
<createdTime>2024-11-19 13:53:35 UTC</createdTime>
<commentInRDBMS><![CDATA[Este atributo irá receber a soluçãodo que o cliente deseja ou da companhia (alugar, vender ou manutenção). Seu conteudo é obrigatório.
]]></commentInRDBMS>
<ownerDesignName>teste</ownerDesignName>
<engineerTo>
<item key="E523AF7F-8A4A-D754-73E7-2C11D3CF8100" value="true"/>
</engineerTo>
<useDomainConstraints>false</useDomainConstraints>
<use>1</use>
<logicalDatatype>LOGDT024</logicalDatatype>
<dataTypeSize>30</dataTypeSize>
<ownDataTypeParameters>30,,</ownDataTypeParameters>
</Attribute>
</attributes>
<identifiers itemClass="oracle.dbtools.crest.model.design.logical.CandidateKey">
<identifier id="B2087D14-5318-59C0-9947-76CEDEAF1021" name="TP_SERVICO PK">
<createdBy>labsfiap</createdBy>
<createdTime>2024-11-19 13:53:34 UTC</createdTime>
<ownerDesignName>teste</ownerDesignName>
<engineerTo>
<item key="E523AF7F-8A4A-D754-73E7-2C11D3CF8100" value="true"/>
</engineerTo>
<pk>true</pk>
<usedAttributes>
<attributeRef>E9B8431F-2D62-FC4D-0060-CD1A19E6F4E6</attributeRef>
</usedAttributes>
</identifier>
</identifiers>
</Entity>
