<?xml version = '1.0' encoding = 'UTF-8'?>
<Entity class="oracle.dbtools.crest.model.design.logical.Entity" directorySegmentName="seg_0" id="0F14493F-420F-9F36-F4B1-0370CEEF6455" name="T_TYPE_PROPERTY">
<createdBy>labsfiap</createdBy>
<createdTime>2024-11-19 13:46:27 UTC</createdTime>
<ownerDesignName>teste</ownerDesignName>
<engineerTo>
<item key="E523AF7F-8A4A-D754-73E7-2C11D3CF8100" value="true"/>
</engineerTo>
<adequatelyNormalized>NO</adequatelyNormalized>
<expectedVolumes>0</expectedVolumes>
<fwdEngineeringStrategyName>Single Table</fwdEngineeringStrategyName>
<growthPercent>0</growthPercent>
<growthType>Year</growthType>
<maxVolumes>9999999</maxVolumes>
<minVolumes>0</minVolumes>
<normalForm>Third</normalForm>
<attributes itemClass="oracle.dbtools.crest.model.design.logical.Attribute">
<Attribute name="ID_TP_PROPERTY" id="2271EBCF-BD18-5668-B2EE-ACEC5002B994">
<createdBy>labsfiap</createdBy>
<createdTime>2024-11-19 13:50:37 UTC</createdTime>
<commentInRDBMS><![CDATA[Esse atributo irá receber a chave primária do tipo de imovel. Esse número é sequencial e gerado automaticamente pelo sistema. Seu conteúdo é obrigatório.]]></commentInRDBMS>
<ownerDesignName>teste</ownerDesignName>
<engineerTo>
<item key="E523AF7F-8A4A-D754-73E7-2C11D3CF8100" value="true"/>
</engineerTo>
<useDomainConstraints>false</useDomainConstraints>
<use>1</use>
<logicalDatatype>LOGDT019</logicalDatatype>
<dataTypePrecision>9</dataTypePrecision>
<ownDataTypeParameters>,9,</ownDataTypeParameters>
</Attribute>
<Attribute name="TP_RESIDENCE" id="B69EC1DA-5D35-B167-4A16-63FE8D0F0CC1">
<createdBy>labsfiap</createdBy>
<createdTime>2024-11-19 13:50:35 UTC</createdTime>
<commentInRDBMS><![CDATA[Este atributo irá receber o tipo da residencia do cliente ou o tipo de residencia que o prestador de serviço atua (casa, apartamento, sitio ou chacara). Seu conteudo é obrigatório. 
]]></commentInRDBMS>
<ownerDesignName>teste</ownerDesignName>
<engineerTo>
<item key="E523AF7F-8A4A-D754-73E7-2C11D3CF8100" value="true"/>
</engineerTo>
<useDomainConstraints>false</useDomainConstraints>
<use>1</use>
<logicalDatatype>LOGDT024</logicalDatatype>
<dataTypeSize>20</dataTypeSize>
<ownDataTypeParameters>20,,</ownDataTypeParameters>
</Attribute>
</attributes>
<identifiers itemClass="oracle.dbtools.crest.model.design.logical.CandidateKey">
<identifier id="42B281E8-D554-3F53-E1D7-C848B92A266F" name="TP_IMOVEL PK">
<createdBy>labsfiap</createdBy>
<createdTime>2024-11-19 13:51:38 UTC</createdTime>
<ownerDesignName>teste</ownerDesignName>
<engineerTo>
<item key="E523AF7F-8A4A-D754-73E7-2C11D3CF8100" value="true"/>
</engineerTo>
<pk>true</pk>
<usedAttributes>
<attributeRef>2271EBCF-BD18-5668-B2EE-ACEC5002B994</attributeRef>
</usedAttributes>
</identifier>
</identifiers>
</Entity>
