<?xml version = '1.0' encoding = 'UTF-8'?>
<Entity class="oracle.dbtools.crest.model.design.logical.Entity" directorySegmentName="seg_0" id="0FA0EA9B-1278-60BF-EC60-8C5CF457AAE1" name="T_CITIES">
<createdBy>Desktop</createdBy>
<createdTime>2024-11-16 17:21:07 UTC</createdTime>
<ownerDesignName>teste</ownerDesignName>
<engineerTo>
<item key="E523AF7F-8A4A-D754-73E7-2C11D3CF8100" value="true"/>
</engineerTo>
<adequatelyNormalized>NO</adequatelyNormalized>
<expectedVolumes>0</expectedVolumes>
<fwdEngineeringStrategyName>Single Table</fwdEngineeringStrategyName>
<growthPercent>0</growthPercent>
<growthType>Year</growthType>
<maxVolumes>9999999</maxVolumes>
<minVolumes>0</minVolumes>
<normalForm>Third</normalForm>
<attributes itemClass="oracle.dbtools.crest.model.design.logical.Attribute">
<Attribute name="ID_CITY" id="1E020B39-6A63-A000-EC3D-102BA8D7F51C">
<createdBy>Desktop</createdBy>
<createdTime>2024-11-16 17:21:20 UTC</createdTime>
<commentInRDBMS><![CDATA[Esse atributo irá receber a chave primária da cidade. Esse número é sequencial e gerado automaticamente pelo sistema. Seu conteúdo é obrigatório.]]></commentInRDBMS>
<ownerDesignName>teste</ownerDesignName>
<engineerTo>
<item key="E523AF7F-8A4A-D754-73E7-2C11D3CF8100" value="true"/>
</engineerTo>
<useDomainConstraints>false</useDomainConstraints>
<use>1</use>
<logicalDatatype>LOGDT019</logicalDatatype>
<dataTypePrecision>9</dataTypePrecision>
<ownDataTypeParameters>,9,</ownDataTypeParameters>
</Attribute>
<Attribute name="ID_STATE" id="3EE00AFF-09A9-1F66-806C-7D200D7EB941">
<createdBy>labsfiap</createdBy>
<createdTime>2024-11-19 14:04:34 UTC</createdTime>
<commentInRDBMS><![CDATA[Esse atributo irá receber a chave primária do estado. Esse número é sequencial e gerado automaticamente pelo sistema. Seu conteúdo é obrigatório.]]></commentInRDBMS>
<generatorID>58C0F055-9876-B247-E4CF-C16C7CC643CF</generatorID>
<ownerDesignName>teste</ownerDesignName>
<engineerTo>
<item key="E523AF7F-8A4A-D754-73E7-2C11D3CF8100" value="true"/>
</engineerTo>
<referedAttribute>87B7A89A-84A7-E748-1928-015D1BA88F99</referedAttribute>
<use>1</use>
<logicalDatatype>LOGDT019</logicalDatatype>
<dataTypePrecision>9</dataTypePrecision>
<ownDataTypeParameters>,,</ownDataTypeParameters>
</Attribute>
<Attribute name="CITY_NAME" id="7B004714-D219-E9CB-2225-1034D23D7E5F">
<createdBy>Desktop</createdBy>
<createdTime>2024-11-16 17:21:29 UTC</createdTime>
<commentInRDBMS><![CDATA[Este atributo irá receber o nome da cidade. Seu conteudo é obrigatório.
]]></commentInRDBMS>
<ownerDesignName>teste</ownerDesignName>
<engineerTo>
<item key="E523AF7F-8A4A-D754-73E7-2C11D3CF8100" value="true"/>
</engineerTo>
<useDomainConstraints>false</useDomainConstraints>
<use>1</use>
<logicalDatatype>LOGDT024</logicalDatatype>
<dataTypeSize>30</dataTypeSize>
<ownDataTypeParameters>30,,</ownDataTypeParameters>
</Attribute>
</attributes>
<identifiers itemClass="oracle.dbtools.crest.model.design.logical.CandidateKey">
<identifier id="ACD76CDF-551B-7149-49CA-6A8B9193D685" name="T_CITIES PK">
<createdBy>Desktop</createdBy>
<createdTime>2024-11-16 17:22:54 UTC</createdTime>
<ownerDesignName>teste</ownerDesignName>
<shouldEngineer>false</shouldEngineer>
<engineerTo>
<item key="E523AF7F-8A4A-D754-73E7-2C11D3CF8100" value="false"/>
</engineerTo>
<pk>true</pk>
<usedAttributes>
<attributeRef>1E020B39-6A63-A000-EC3D-102BA8D7F51C</attributeRef>
</usedAttributes>
</identifier>
</identifiers>
</Entity>
