<?xml version = '1.0' encoding = 'UTF-8'?>
<Entity class="oracle.dbtools.crest.model.design.logical.Entity" directorySegmentName="seg_0" id="11664E48-9BFB-E35E-5C65-9862CD2812DB" name="T_STATE">
<createdBy>labsfiap</createdBy>
<createdTime>2024-11-19 14:04:09 UTC</createdTime>
<ownerDesignName>teste</ownerDesignName>
<engineerTo>
<item key="E523AF7F-8A4A-D754-73E7-2C11D3CF8100" value="true"/>
</engineerTo>
<adequatelyNormalized>NO</adequatelyNormalized>
<expectedVolumes>0</expectedVolumes>
<fwdEngineeringStrategyName>Single Table</fwdEngineeringStrategyName>
<growthPercent>0</growthPercent>
<growthType>Year</growthType>
<maxVolumes>9999999</maxVolumes>
<minVolumes>0</minVolumes>
<normalForm>Third</normalForm>
<attributes itemClass="oracle.dbtools.crest.model.design.logical.Attribute">
<Attribute name="ID_STATE" id="87B7A89A-84A7-E748-1928-015D1BA88F99">
<createdBy>labsfiap</createdBy>
<createdTime>2024-11-19 14:04:18 UTC</createdTime>
<commentInRDBMS><![CDATA[Esse atributo irá receber a chave primária do estado. Esse número é sequencial e gerado automaticamente pelo sistema. Seu conteúdo é obrigatório.]]></commentInRDBMS>
<ownerDesignName>teste</ownerDesignName>
<engineerTo>
<item key="E523AF7F-8A4A-D754-73E7-2C11D3CF8100" value="true"/>
</engineerTo>
<useDomainConstraints>false</useDomainConstraints>
<use>1</use>
<logicalDatatype>LOGDT019</logicalDatatype>
<dataTypePrecision>9</dataTypePrecision>
<ownDataTypeParameters>,9,</ownDataTypeParameters>
</Attribute>
<Attribute name="ID_COUNTRY" id="2B4AD911-449B-4923-C771-55A813D0C443">
<createdBy>labsfiap</createdBy>
<createdTime>2024-11-19 14:04:28 UTC</createdTime>
<commentInRDBMS><![CDATA[Esse atributo irá receber a chave primária do pais. Esse número é sequencial e gerado automaticamente pelo sistema. Seu conteúdo é obrigatório.]]></commentInRDBMS>
<generatorID>358C738B-104D-1285-FCF9-16F9945BB1D6</generatorID>
<ownerDesignName>teste</ownerDesignName>
<engineerTo>
<item key="E523AF7F-8A4A-D754-73E7-2C11D3CF8100" value="true"/>
</engineerTo>
<referedAttribute>FDF066ED-DCE3-3901-50DF-E644D69075C5</referedAttribute>
<use>1</use>
<logicalDatatype>LOGDT019</logicalDatatype>
<dataTypePrecision>9</dataTypePrecision>
<ownDataTypeParameters>,,</ownDataTypeParameters>
</Attribute>
<Attribute name="NAME_STATE" id="CE10ADDD-796A-14D8-D5FB-F9D4C8C90A19">
<createdBy>labsfiap</createdBy>
<createdTime>2024-11-19 14:04:49 UTC</createdTime>
<commentInRDBMS><![CDATA[Este atributo irá receber o nome do estado. Seu conteudo é obrigatório.]]></commentInRDBMS>
<ownerDesignName>teste</ownerDesignName>
<engineerTo>
<item key="E523AF7F-8A4A-D754-73E7-2C11D3CF8100" value="true"/>
</engineerTo>
<useDomainConstraints>false</useDomainConstraints>
<use>1</use>
<logicalDatatype>LOGDT024</logicalDatatype>
<dataTypeSize>20</dataTypeSize>
<ownDataTypeParameters>20,,</ownDataTypeParameters>
</Attribute>
</attributes>
<identifiers itemClass="oracle.dbtools.crest.model.design.logical.CandidateKey">
<identifier id="0DB1E044-7D9E-349A-0BFB-D0D0ACF828BC" name="T_ESTADO PK">
<createdBy>labsfiap</createdBy>
<createdTime>2024-11-19 14:04:22 UTC</createdTime>
<ownerDesignName>teste</ownerDesignName>
<engineerTo>
<item key="E523AF7F-8A4A-D754-73E7-2C11D3CF8100" value="true"/>
</engineerTo>
<pk>true</pk>
<usedAttributes>
<attributeRef>87B7A89A-84A7-E748-1928-015D1BA88F99</attributeRef>
</usedAttributes>
</identifier>
</identifiers>
</Entity>
