<?xml version = '1.0' encoding = 'UTF-8'?>
<Entity class="oracle.dbtools.crest.model.design.logical.Entity" directorySegmentName="seg_0" id="143D6F7F-3346-C4F8-FDF9-0CB6FDD197B5" name="T_SERVICES">
<createdBy>labsfiap</createdBy>
<createdTime>2024-11-19 13:44:34 UTC</createdTime>
<ownerDesignName>teste</ownerDesignName>
<engineerTo>
<item key="E523AF7F-8A4A-D754-73E7-2C11D3CF8100" value="true"/>
</engineerTo>
<adequatelyNormalized>NO</adequatelyNormalized>
<expectedVolumes>0</expectedVolumes>
<fwdEngineeringStrategyName>Single Table</fwdEngineeringStrategyName>
<growthPercent>0</growthPercent>
<growthType>Year</growthType>
<maxVolumes>9999999</maxVolumes>
<minVolumes>0</minVolumes>
<normalForm>Third</normalForm>
<attributes itemClass="oracle.dbtools.crest.model.design.logical.Attribute">
<Attribute name="ID_SERVICE" id="F58464FB-72D8-5ABF-C589-811B8A5F5F39">
<createdBy>labsfiap</createdBy>
<createdTime>2024-11-19 13:52:25 UTC</createdTime>
<commentInRDBMS><![CDATA[Esse atributo irá receber a chave primária do serviço. Esse número é sequencial e gerado automaticamente pelo sistema. Seu conteúdo é obrigatório.]]></commentInRDBMS>
<ownerDesignName>teste</ownerDesignName>
<engineerTo>
<item key="E523AF7F-8A4A-D754-73E7-2C11D3CF8100" value="true"/>
</engineerTo>
<useDomainConstraints>false</useDomainConstraints>
<use>1</use>
<logicalDatatype>LOGDT019</logicalDatatype>
<dataTypePrecision>9</dataTypePrecision>
<ownDataTypeParameters>,9,</ownDataTypeParameters>
</Attribute>
<Attribute name="ID_CLIENT" id="FB2AA9C8-32FC-04D5-5F01-36D0D1AA947F">
<createdBy>labsfiap</createdBy>
<createdTime>2024-11-19 13:52:06 UTC</createdTime>
<commentInRDBMS><![CDATA[Esse atributo irá receber a chave primária do cliente. Esse número é sequencial e gerado automaticamente pelo sistema. Seu conteúdo é obrigatório.]]></commentInRDBMS>
<generatorID>4B919930-621E-59D2-B77F-EB13557B6B54</generatorID>
<ownerDesignName>teste</ownerDesignName>
<engineerTo>
<item key="E523AF7F-8A4A-D754-73E7-2C11D3CF8100" value="true"/>
</engineerTo>
<referedAttribute>7DFA604A-8569-02B3-5027-91A181C44C17</referedAttribute>
<useDomainConstraints>false</useDomainConstraints>
<use>1</use>
<logicalDatatype>LOGDT019</logicalDatatype>
<dataTypePrecision>9</dataTypePrecision>
<ownDataTypeParameters>,,</ownDataTypeParameters>
</Attribute>
<Attribute name="ID_COMPANY" id="EC0BDF6F-B641-B7AC-42A2-C16277C18D0A">
<createdBy>labsfiap</createdBy>
<createdTime>2024-11-19 13:52:10 UTC</createdTime>
<commentInRDBMS><![CDATA[Esse atributo irá receber a chave primária da companhia. Esse número é sequencial e gerado automaticamente pelo sistema. Seu conteúdo é obrigatório.]]></commentInRDBMS>
<generatorID>680DCF8E-CECE-7762-A8B3-79F986CC67FE</generatorID>
<ownerDesignName>teste</ownerDesignName>
<engineerTo>
<item key="E523AF7F-8A4A-D754-73E7-2C11D3CF8100" value="true"/>
</engineerTo>
<referedAttribute>19470030-3951-96B8-CF28-803C67D0CA3F</referedAttribute>
<useDomainConstraints>false</useDomainConstraints>
<use>1</use>
<logicalDatatype>LOGDT019</logicalDatatype>
<dataTypePrecision>9</dataTypePrecision>
<ownDataTypeParameters>,,</ownDataTypeParameters>
</Attribute>
<Attribute name="ID_TP_SERVICE" id="CFB06B93-177C-B874-1B72-A5C89FBA6586">
<createdBy>labsfiap</createdBy>
<createdTime>2024-11-19 13:54:03 UTC</createdTime>
<commentInRDBMS><![CDATA[Esse atributo irá receber a chave primária do tipo de imovel. Esse número é sequencial e gerado automaticamente pelo sistema. Seu conteúdo é obrigatório.]]></commentInRDBMS>
<generatorID>6FEBCCC4-25D6-6AEA-D8B1-E22488CCE204</generatorID>
<ownerDesignName>teste</ownerDesignName>
<engineerTo>
<item key="E523AF7F-8A4A-D754-73E7-2C11D3CF8100" value="true"/>
</engineerTo>
<referedAttribute>E9B8431F-2D62-FC4D-0060-CD1A19E6F4E6</referedAttribute>
<useDomainConstraints>false</useDomainConstraints>
<use>1</use>
<logicalDatatype>LOGDT019</logicalDatatype>
<ownDataTypeParameters>,,</ownDataTypeParameters>
</Attribute>
<Attribute name="TYPE_USER" id="0D13B41C-3A39-DA0C-90DC-FC000A975530">
<createdBy>labsfiap</createdBy>
<createdTime>2024-11-19 13:56:04 UTC</createdTime>
<commentInRDBMS><![CDATA[Este atributo irá receber se o usuário esta contratando um serviço ou se ele é um prestador de serviço. Seu conteudo é obrigatório.]]></commentInRDBMS>
<ownerDesignName>teste</ownerDesignName>
<engineerTo>
<item key="E523AF7F-8A4A-D754-73E7-2C11D3CF8100" value="true"/>
</engineerTo>
<useDomainConstraints>false</useDomainConstraints>
<use>1</use>
<logicalDatatype>LOGDT024</logicalDatatype>
<dataTypeSize>20</dataTypeSize>
<ownDataTypeParameters>20,,</ownDataTypeParameters>
</Attribute>
</attributes>
<identifiers itemClass="oracle.dbtools.crest.model.design.logical.CandidateKey">
<identifier id="A85C53FB-6EC4-78AC-2661-B495B65E4E07" name="T_SERVICES PK">
<createdBy>labsfiap</createdBy>
<createdTime>2024-11-19 13:52:34 UTC</createdTime>
<ownerDesignName>teste</ownerDesignName>
<engineerTo>
<item key="E523AF7F-8A4A-D754-73E7-2C11D3CF8100" value="true"/>
</engineerTo>
<pk>true</pk>
<usedAttributes>
<attributeRef>F58464FB-72D8-5ABF-C589-811B8A5F5F39</attributeRef>
</usedAttributes>
</identifier>
</identifiers>
</Entity>
