<?xml version = '1.0' encoding = 'UTF-8'?>
<Entity class="oracle.dbtools.crest.model.design.logical.Entity" directorySegmentName="seg_0" id="36B25205-D2A4-CF52-BF9A-2AE48AC387F3" name="T_CLIENT">
<createdBy>Desktop</createdBy>
<createdTime>2024-11-16 16:54:11 UTC</createdTime>
<ownerDesignName>teste</ownerDesignName>
<engineerTo>
<item key="E523AF7F-8A4A-D754-73E7-2C11D3CF8100" value="true"/>
</engineerTo>
<adequatelyNormalized>NO</adequatelyNormalized>
<expectedVolumes>0</expectedVolumes>
<fwdEngineeringStrategyName>Single Table</fwdEngineeringStrategyName>
<growthPercent>0</growthPercent>
<growthType>Year</growthType>
<maxVolumes>9999999</maxVolumes>
<minVolumes>0</minVolumes>
<normalForm>Third</normalForm>
<attributes itemClass="oracle.dbtools.crest.model.design.logical.Attribute">
<Attribute name="ID_CLIENT" id="7DFA604A-8569-02B3-5027-91A181C44C17">
<createdBy>Desktop</createdBy>
<createdTime>2024-11-16 16:55:33 UTC</createdTime>
<commentInRDBMS><![CDATA[Esse atributo irá receber a chave primária do cliente. Esse número é sequencial e gerado automaticamente pelo sistema. Seu conteúdo é obrigatório.]]></commentInRDBMS>
<ownerDesignName>teste</ownerDesignName>
<engineerTo>
<item key="E523AF7F-8A4A-D754-73E7-2C11D3CF8100" value="true"/>
</engineerTo>
<useDomainConstraints>false</useDomainConstraints>
<use>1</use>
<logicalDatatype>LOGDT019</logicalDatatype>
<dataTypePrecision>9</dataTypePrecision>
<ownDataTypeParameters>,9,</ownDataTypeParameters>
</Attribute>
<Attribute name="ID_ADDRESS" id="53FACF1A-5ACA-1A38-3F1A-4831C414004B">
<createdBy>Desktop</createdBy>
<createdTime>2024-11-16 17:29:25 UTC</createdTime>
<commentInRDBMS><![CDATA[Esse atributo irá receber a chave primária do endereço. Esse número é sequencial e gerado automaticamente pelo sistema. Seu conteúdo é obrigatório.]]></commentInRDBMS>
<generatorID>3EE8A18F-EF88-2052-ED7A-167C83184349</generatorID>
<ownerDesignName>teste</ownerDesignName>
<engineerTo>
<item key="E523AF7F-8A4A-D754-73E7-2C11D3CF8100" value="true"/>
</engineerTo>
<referedAttribute>0B2B413A-B435-2EA5-3906-20DDECD467B2</referedAttribute>
<useDomainConstraints>false</useDomainConstraints>
<use>1</use>
<logicalDatatype>LOGDT019</logicalDatatype>
<dataTypePrecision>9</dataTypePrecision>
<ownDataTypeParameters>,,</ownDataTypeParameters>
</Attribute>
<Attribute name="ID_TP_PROPERTY" id="5D917A3A-82A4-53A5-F3CA-228E40C50DEF">
<createdBy>labsfiap</createdBy>
<createdTime>2024-11-19 13:51:44 UTC</createdTime>
<commentInRDBMS><![CDATA[Esse atributo irá receber a chave primária do tipo de imovel. Esse número é sequencial e gerado automaticamente pelo sistema. Seu conteúdo é obrigatório.]]></commentInRDBMS>
<generatorID>118A02FA-ED20-F5C5-1730-F80B16A71E77</generatorID>
<ownerDesignName>teste</ownerDesignName>
<engineerTo>
<item key="E523AF7F-8A4A-D754-73E7-2C11D3CF8100" value="true"/>
</engineerTo>
<referedAttribute>2271EBCF-BD18-5668-B2EE-ACEC5002B994</referedAttribute>
<use>1</use>
<logicalDatatype>LOGDT019</logicalDatatype>
<dataTypePrecision>9</dataTypePrecision>
<ownDataTypeParameters>,,</ownDataTypeParameters>
</Attribute>
<Attribute name="CPF" id="3FDFB3BB-2748-B6C1-ED70-30DE580C95A8">
<createdBy>Desktop</createdBy>
<createdTime>2024-11-16 16:56:51 UTC</createdTime>
<commentInRDBMS><![CDATA[Este atributo irá receber o cpf do cliente. Seu conteudo é obrigatório.]]></commentInRDBMS>
<ownerDesignName>teste</ownerDesignName>
<engineerTo>
<item key="E523AF7F-8A4A-D754-73E7-2C11D3CF8100" value="true"/>
</engineerTo>
<useDomainConstraints>false</useDomainConstraints>
<use>1</use>
<logicalDatatype>LOGDT019</logicalDatatype>
<dataTypePrecision>11</dataTypePrecision>
<ownDataTypeParameters>,11,</ownDataTypeParameters>
</Attribute>
<Attribute name="BIRTH_DATE" id="597800B0-3148-A054-98A0-0D19D7F1D6CC">
<createdBy>Desktop</createdBy>
<createdTime>2024-11-16 16:56:17 UTC</createdTime>
<commentInRDBMS><![CDATA[Este atributo irá receber a data de aniversário do cliente. Seu conteudo é obrigatório.]]></commentInRDBMS>
<ownerDesignName>teste</ownerDesignName>
<engineerTo>
<item key="E523AF7F-8A4A-D754-73E7-2C11D3CF8100" value="true"/>
</engineerTo>
<useDomainConstraints>false</useDomainConstraints>
<use>1</use>
<logicalDatatype>LOGDT007</logicalDatatype>
<ownDataTypeParameters>,,</ownDataTypeParameters>
</Attribute>
<Attribute name="RENT" id="22F05F63-5055-82DF-C60D-003D3C8FA3C5">
<createdBy>labsfiap</createdBy>
<createdTime>2024-11-19 14:01:00 UTC</createdTime>
<commentInRDBMS><![CDATA[Este atributo irá receber True (T) ou False (F) se for aluguel ou nao. Seu conteudo é obrigatório.]]></commentInRDBMS>
<ownerDesignName>teste</ownerDesignName>
<engineerTo>
<item key="E523AF7F-8A4A-D754-73E7-2C11D3CF8100" value="true"/>
</engineerTo>
<useDomainConstraints>false</useDomainConstraints>
<use>1</use>
<logicalDatatype>LOGDT006</logicalDatatype>
<dataTypeSize>1</dataTypeSize>
<ownDataTypeParameters>1,,</ownDataTypeParameters>
</Attribute>
<Attribute name="CLIENT_NAME" id="426A6DCB-1853-39A3-C8AF-803D2D99AA96">
<createdBy>Desktop</createdBy>
<createdTime>2024-11-16 16:55:02 UTC</createdTime>
<commentInRDBMS><![CDATA[Este atributo irá receber o nome do cliente. Seu conteudo é obrigatório.]]></commentInRDBMS>
<ownerDesignName>teste</ownerDesignName>
<engineerTo>
<item key="E523AF7F-8A4A-D754-73E7-2C11D3CF8100" value="true"/>
</engineerTo>
<useDomainConstraints>false</useDomainConstraints>
<use>1</use>
<logicalDatatype>LOGDT024</logicalDatatype>
<dataTypeSize>30</dataTypeSize>
<ownDataTypeParameters>30,,</ownDataTypeParameters>
</Attribute>
<Attribute name="EMAIL_CLIENT" id="B9DFF1C6-F8B1-8368-37DF-ED2119E8E6DF">
<createdBy>Desktop</createdBy>
<createdTime>2024-11-16 16:57:27 UTC</createdTime>
<commentInRDBMS><![CDATA[Este atributo irá receber o email do cliente. Seu conteudo é obrigatório.]]></commentInRDBMS>
<ownerDesignName>teste</ownerDesignName>
<engineerTo>
<item key="E523AF7F-8A4A-D754-73E7-2C11D3CF8100" value="true"/>
</engineerTo>
<useDomainConstraints>false</useDomainConstraints>
<use>1</use>
<logicalDatatype>LOGDT024</logicalDatatype>
<dataTypeSize>40</dataTypeSize>
<ownDataTypeParameters>40,,</ownDataTypeParameters>
</Attribute>
<Attribute name="PHONE_CLIENT" id="6E17BC19-CCB8-C2C0-50CE-516062BF05C1">
<createdBy>Desktop</createdBy>
<createdTime>2024-11-16 16:57:43 UTC</createdTime>
<commentInRDBMS><![CDATA[Este atributo irá receber o telefone do cliente. Seu conteudo é obrigatório.]]></commentInRDBMS>
<ownerDesignName>teste</ownerDesignName>
<engineerTo>
<item key="E523AF7F-8A4A-D754-73E7-2C11D3CF8100" value="true"/>
</engineerTo>
<useDomainConstraints>false</useDomainConstraints>
<use>1</use>
<logicalDatatype>LOGDT024</logicalDatatype>
<dataTypeSize>14</dataTypeSize>
<ownDataTypeParameters>14,,</ownDataTypeParameters>
</Attribute>
</attributes>
<identifiers itemClass="oracle.dbtools.crest.model.design.logical.CandidateKey">
<identifier id="4D29FDE1-BFB3-64C7-084A-B1F102EFEB40" name="T_CLIENT PK">
<createdBy>Desktop</createdBy>
<createdTime>2024-11-16 16:55:41 UTC</createdTime>
<ownerDesignName>teste</ownerDesignName>
<shouldEngineer>false</shouldEngineer>
<engineerTo>
<item key="E523AF7F-8A4A-D754-73E7-2C11D3CF8100" value="false"/>
</engineerTo>
<pk>true</pk>
<usedAttributes>
<attributeRef>7DFA604A-8569-02B3-5027-91A181C44C17</attributeRef>
</usedAttributes>
</identifier>
</identifiers>
</Entity>
