<?xml version = '1.0' encoding = 'UTF-8'?>
<Entity class="oracle.dbtools.crest.model.design.logical.Entity" directorySegmentName="seg_0" id="5D26C429-4CA0-F038-105C-D23D8AE1F174" name="T_COMPANY">
<createdBy>Desktop</createdBy>
<createdTime>2024-11-16 16:54:26 UTC</createdTime>
<ownerDesignName>teste</ownerDesignName>
<engineerTo>
<item key="E523AF7F-8A4A-D754-73E7-2C11D3CF8100" value="true"/>
</engineerTo>
<adequatelyNormalized>NO</adequatelyNormalized>
<expectedVolumes>0</expectedVolumes>
<fwdEngineeringStrategyName>Single Table</fwdEngineeringStrategyName>
<growthPercent>0</growthPercent>
<growthType>Year</growthType>
<maxVolumes>9999999</maxVolumes>
<minVolumes>0</minVolumes>
<normalForm>Third</normalForm>
<attributes itemClass="oracle.dbtools.crest.model.design.logical.Attribute">
<Attribute name="ID_COMPANY" id="19470030-3951-96B8-CF28-803C67D0CA3F">
<createdBy>Desktop</createdBy>
<createdTime>2024-11-16 17:04:03 UTC</createdTime>
<commentInRDBMS><![CDATA[Esse atributo irá receber a chave primária da companhia. Esse número é sequencial e gerado automaticamente pelo sistema. Seu conteúdo é obrigatório.]]></commentInRDBMS>
<ownerDesignName>teste</ownerDesignName>
<engineerTo>
<item key="E523AF7F-8A4A-D754-73E7-2C11D3CF8100" value="true"/>
</engineerTo>
<useDomainConstraints>false</useDomainConstraints>
<use>1</use>
<logicalDatatype>LOGDT019</logicalDatatype>
<dataTypePrecision>9</dataTypePrecision>
<ownDataTypeParameters>,9,</ownDataTypeParameters>
</Attribute>
<Attribute name="ID_ADDRESS" id="61E15511-190E-CD73-9B52-D6BE6FA0754F">
<createdBy>Desktop</createdBy>
<createdTime>2024-11-16 17:29:28 UTC</createdTime>
<commentInRDBMS><![CDATA[Esse atributo irá receber a chave primária do endereço. Esse número é sequencial e gerado automaticamente pelo sistema. Seu conteúdo é obrigatório.]]></commentInRDBMS>
<generatorID>10BD83C5-8E7D-6A3B-4C68-1F4BDFACB492</generatorID>
<ownerDesignName>teste</ownerDesignName>
<engineerTo>
<item key="E523AF7F-8A4A-D754-73E7-2C11D3CF8100" value="true"/>
</engineerTo>
<referedAttribute>0B2B413A-B435-2EA5-3906-20DDECD467B2</referedAttribute>
<useDomainConstraints>false</useDomainConstraints>
<use>1</use>
<logicalDatatype>LOGDT019</logicalDatatype>
<dataTypePrecision>9</dataTypePrecision>
<ownDataTypeParameters>,,</ownDataTypeParameters>
</Attribute>
<Attribute name="ID_REGIONS" id="BC37D981-3FFA-A479-7352-A61B1BDF7074">
<createdBy>labsfiap</createdBy>
<createdTime>2024-11-19 13:59:38 UTC</createdTime>
<commentInRDBMS><![CDATA[Esse atributo irá receber a chave primária da região. Esse número é sequencial e gerado automaticamente pelo sistema. Seu conteúdo é obrigatório.]]></commentInRDBMS>
<generatorID>FAE5F2EB-DA42-3B9B-C09B-758D675AFA82</generatorID>
<ownerDesignName>teste</ownerDesignName>
<engineerTo>
<item key="E523AF7F-8A4A-D754-73E7-2C11D3CF8100" value="true"/>
</engineerTo>
<referedAttribute>070BC8AC-4089-208F-55A6-6EA78958F843</referedAttribute>
<use>1</use>
<logicalDatatype>LOGDT019</logicalDatatype>
<dataTypePrecision>9</dataTypePrecision>
<ownDataTypeParameters>,,</ownDataTypeParameters>
</Attribute>
<Attribute name="ID_TP_PROPERTY" id="903BB1FF-F80F-17E4-3192-DC3E5E026B66">
<createdBy>labsfiap</createdBy>
<createdTime>2024-11-19 14:14:33 UTC</createdTime>
<commentInRDBMS><![CDATA[Esse atributo irá receber a chave primária do tipo de imovel. Esse número é sequencial e gerado automaticamente pelo sistema. Seu conteúdo é obrigatório.]]></commentInRDBMS>
<generatorID>3994E467-F3C3-4EC3-CF22-EC24DD4AA8B2</generatorID>
<ownerDesignName>teste</ownerDesignName>
<engineerTo>
<item key="E523AF7F-8A4A-D754-73E7-2C11D3CF8100" value="true"/>
</engineerTo>
<referedAttribute>2271EBCF-BD18-5668-B2EE-ACEC5002B994</referedAttribute>
<use>1</use>
<logicalDatatype>LOGDT019</logicalDatatype>
<dataTypePrecision>9</dataTypePrecision>
<ownDataTypeParameters>,,</ownDataTypeParameters>
</Attribute>
<Attribute name="CNPJ" id="B33C64DB-5A37-33B9-92FC-F2459A1C58B0">
<createdBy>Desktop</createdBy>
<createdTime>2024-11-16 16:59:14 UTC</createdTime>
<commentInRDBMS><![CDATA[Este atributo irá receber o cnpj da companhia. Seu conteudo é obrigatório.
]]></commentInRDBMS>
<ownerDesignName>teste</ownerDesignName>
<engineerTo>
<item key="E523AF7F-8A4A-D754-73E7-2C11D3CF8100" value="true"/>
</engineerTo>
<useDomainConstraints>false</useDomainConstraints>
<use>1</use>
<logicalDatatype>LOGDT019</logicalDatatype>
<dataTypePrecision>11</dataTypePrecision>
<ownDataTypeParameters>,11,</ownDataTypeParameters>
</Attribute>
<Attribute name="COMPANY_NAME" id="8749F22E-BAA0-ED72-D494-5B9E66B93D76">
<createdBy>Desktop</createdBy>
<createdTime>2024-11-16 16:58:53 UTC</createdTime>
<commentInRDBMS><![CDATA[Este atributo irá receber o nome da companhia. Seu conteudo é obrigatório.
]]></commentInRDBMS>
<ownerDesignName>teste</ownerDesignName>
<engineerTo>
<item key="E523AF7F-8A4A-D754-73E7-2C11D3CF8100" value="true"/>
</engineerTo>
<useDomainConstraints>false</useDomainConstraints>
<use>1</use>
<logicalDatatype>LOGDT024</logicalDatatype>
<dataTypeSize>20</dataTypeSize>
<ownDataTypeParameters>20,,</ownDataTypeParameters>
</Attribute>
<Attribute name="EMAIL_COMPANY" id="BD67FBAA-64F8-67FC-9F83-24B3424BE73D">
<createdBy>Desktop</createdBy>
<createdTime>2024-11-16 16:59:14 UTC</createdTime>
<commentInRDBMS><![CDATA[Este atributo irá receber o email da companhia. Seu conteudo é obrigatório.
]]></commentInRDBMS>
<ownerDesignName>teste</ownerDesignName>
<engineerTo>
<item key="E523AF7F-8A4A-D754-73E7-2C11D3CF8100" value="true"/>
</engineerTo>
<useDomainConstraints>false</useDomainConstraints>
<use>1</use>
<logicalDatatype>LOGDT024</logicalDatatype>
<dataTypeSize>40</dataTypeSize>
<ownDataTypeParameters>40,,</ownDataTypeParameters>
</Attribute>
<Attribute name="PHONE_COMPANY" id="8FA5CF76-1E12-E979-1352-5ACDAAF51668">
<createdBy>Desktop</createdBy>
<createdTime>2024-11-16 16:59:14 UTC</createdTime>
<commentInRDBMS><![CDATA[Este atributo irá receber o telefone da companhia. Seu conteudo é obrigatório.
]]></commentInRDBMS>
<ownerDesignName>teste</ownerDesignName>
<engineerTo>
<item key="E523AF7F-8A4A-D754-73E7-2C11D3CF8100" value="true"/>
</engineerTo>
<useDomainConstraints>false</useDomainConstraints>
<use>1</use>
<logicalDatatype>LOGDT024</logicalDatatype>
<dataTypeSize>14</dataTypeSize>
<ownDataTypeParameters>14,,</ownDataTypeParameters>
</Attribute>
</attributes>
<identifiers itemClass="oracle.dbtools.crest.model.design.logical.CandidateKey">
<identifier id="5C06FDD5-0DE5-9C8A-6430-694299352167" name="T_COMPANY PK">
<createdBy>Desktop</createdBy>
<createdTime>2024-11-16 17:04:10 UTC</createdTime>
<ownerDesignName>teste</ownerDesignName>
<shouldEngineer>false</shouldEngineer>
<engineerTo>
<item key="E523AF7F-8A4A-D754-73E7-2C11D3CF8100" value="false"/>
</engineerTo>
<pk>true</pk>
<usedAttributes>
<attributeRef>19470030-3951-96B8-CF28-803C67D0CA3F</attributeRef>
</usedAttributes>
</identifier>
</identifiers>
</Entity>
