<?xml version = '1.0' encoding = 'UTF-8'?>
<Entity class="oracle.dbtools.crest.model.design.logical.Entity" directorySegmentName="seg_0" id="6303DF7E-3E4F-45C6-F28D-4F6C3F1E8752" name="T_COUNTRY">
<createdBy>labsfiap</createdBy>
<createdTime>2024-11-19 14:03:50 UTC</createdTime>
<ownerDesignName>teste</ownerDesignName>
<engineerTo>
<item key="E523AF7F-8A4A-D754-73E7-2C11D3CF8100" value="true"/>
</engineerTo>
<adequatelyNormalized>NO</adequatelyNormalized>
<expectedVolumes>0</expectedVolumes>
<fwdEngineeringStrategyName>Single Table</fwdEngineeringStrategyName>
<growthPercent>0</growthPercent>
<growthType>Year</growthType>
<maxVolumes>9999999</maxVolumes>
<minVolumes>0</minVolumes>
<normalForm>Third</normalForm>
<attributes itemClass="oracle.dbtools.crest.model.design.logical.Attribute">
<Attribute name="ID_COUNTRY" id="FDF066ED-DCE3-3901-50DF-E644D69075C5">
<createdBy>labsfiap</createdBy>
<createdTime>2024-11-19 14:04:00 UTC</createdTime>
<commentInRDBMS><![CDATA[Esse atributo irá receber a chave primária do pais. Esse número é sequencial e gerado automaticamente pelo sistema. Seu conteúdo é obrigatório.]]></commentInRDBMS>
<ownerDesignName>teste</ownerDesignName>
<engineerTo>
<item key="E523AF7F-8A4A-D754-73E7-2C11D3CF8100" value="true"/>
</engineerTo>
<useDomainConstraints>false</useDomainConstraints>
<use>1</use>
<logicalDatatype>LOGDT019</logicalDatatype>
<dataTypePrecision>9</dataTypePrecision>
<ownDataTypeParameters>,9,</ownDataTypeParameters>
</Attribute>
<Attribute name="NAME_COUNTRY" id="97A5E0C9-75A3-C8C8-DDD9-A094977D8D45">
<createdBy>labsfiap</createdBy>
<createdTime>2024-11-19 14:04:39 UTC</createdTime>
<commentInRDBMS><![CDATA[Este atributo irá receber o nome do pais. Seu conteudo é obrigatório.]]></commentInRDBMS>
<ownerDesignName>teste</ownerDesignName>
<engineerTo>
<item key="E523AF7F-8A4A-D754-73E7-2C11D3CF8100" value="true"/>
</engineerTo>
<useDomainConstraints>false</useDomainConstraints>
<use>1</use>
<logicalDatatype>LOGDT024</logicalDatatype>
<dataTypeSize>20</dataTypeSize>
<ownDataTypeParameters>20,,</ownDataTypeParameters>
</Attribute>
</attributes>
<identifiers itemClass="oracle.dbtools.crest.model.design.logical.CandidateKey">
<identifier id="51A78232-4369-FEA0-67DA-0578E78A8503" name="PAIS PK">
<createdBy>labsfiap</createdBy>
<createdTime>2024-11-19 14:04:04 UTC</createdTime>
<ownerDesignName>teste</ownerDesignName>
<engineerTo>
<item key="E523AF7F-8A4A-D754-73E7-2C11D3CF8100" value="true"/>
</engineerTo>
<pk>true</pk>
<usedAttributes>
<attributeRef>FDF066ED-DCE3-3901-50DF-E644D69075C5</attributeRef>
</usedAttributes>
</identifier>
</identifiers>
</Entity>
