<?xml version = '1.0' encoding = 'UTF-8'?>
<Entity class="oracle.dbtools.crest.model.design.logical.Entity" directorySegmentName="seg_0" id="EE95ED78-F5A5-350C-9EFA-D2693D6F080C" name="T_MONTHLY_ CONSUMPTION">
<createdBy>labsfiap</createdBy>
<createdTime>2024-11-19 13:49:24 UTC</createdTime>
<ownerDesignName>teste</ownerDesignName>
<engineerTo>
<item key="E523AF7F-8A4A-D754-73E7-2C11D3CF8100" value="true"/>
</engineerTo>
<adequatelyNormalized>NO</adequatelyNormalized>
<expectedVolumes>0</expectedVolumes>
<fwdEngineeringStrategyName>Single Table</fwdEngineeringStrategyName>
<growthPercent>0</growthPercent>
<growthType>Year</growthType>
<maxVolumes>9999999</maxVolumes>
<minVolumes>0</minVolumes>
<normalForm>Third</normalForm>
<attributes itemClass="oracle.dbtools.crest.model.design.logical.Attribute">
<Attribute name="ID_CONSUMPTION" id="37C914E1-2B82-2834-24C0-3B0733FC7EB7">
<createdBy>labsfiap</createdBy>
<createdTime>2024-11-19 13:49:32 UTC</createdTime>
<commentInRDBMS><![CDATA[Esse atributo irá receber a chave primária do consumo. Esse número é sequencial e gerado automaticamente pelo sistema. Seu conteúdo é obrigatório.]]></commentInRDBMS>
<ownerDesignName>teste</ownerDesignName>
<engineerTo>
<item key="E523AF7F-8A4A-D754-73E7-2C11D3CF8100" value="true"/>
</engineerTo>
<useDomainConstraints>false</useDomainConstraints>
<use>1</use>
<logicalDatatype>LOGDT019</logicalDatatype>
<dataTypePrecision>9</dataTypePrecision>
<ownDataTypeParameters>,9,</ownDataTypeParameters>
</Attribute>
<Attribute name="ID_CLIENT" id="55D111FA-AB63-11A8-0833-A44C10EB6ECE">
<createdBy>labsfiap</createdBy>
<createdTime>2024-11-19 14:06:05 UTC</createdTime>
<commentInRDBMS><![CDATA[Esse atributo irá receber a chave primária do cliente. Esse número é sequencial e gerado automaticamente pelo sistema. Seu conteúdo é obrigatório.]]></commentInRDBMS>
<generatorID>76FF5837-4B90-9B60-FA44-31B5ABE43983</generatorID>
<ownerDesignName>teste</ownerDesignName>
<engineerTo>
<item key="E523AF7F-8A4A-D754-73E7-2C11D3CF8100" value="true"/>
</engineerTo>
<referedAttribute>7DFA604A-8569-02B3-5027-91A181C44C17</referedAttribute>
<useDomainConstraints>false</useDomainConstraints>
<use>1</use>
<logicalDatatype>LOGDT019</logicalDatatype>
<dataTypePrecision>9</dataTypePrecision>
<ownDataTypeParameters>,,</ownDataTypeParameters>
</Attribute>
<Attribute name="ENERGY_CONSUMPTION" id="822F93CB-D713-74B4-7977-0DD9DFCFE48A">
<createdBy>labsfiap</createdBy>
<createdTime>2024-11-19 13:49:47 UTC</createdTime>
<commentInRDBMS><![CDATA[Este atributo irá receber o valor gasto da energia. Seu conteudo é obrigatório.
]]></commentInRDBMS>
<ownerDesignName>teste</ownerDesignName>
<engineerTo>
<item key="E523AF7F-8A4A-D754-73E7-2C11D3CF8100" value="true"/>
</engineerTo>
<useDomainConstraints>false</useDomainConstraints>
<use>1</use>
<logicalDatatype>LOGDT019</logicalDatatype>
<dataTypePrecision>40</dataTypePrecision>
<ownDataTypeParameters>,40,</ownDataTypeParameters>
</Attribute>
<Attribute name="MONTH_REGISTRATION" id="91561C1C-3BD6-703B-6BA9-2E8E9402EB29">
<createdBy>labsfiap</createdBy>
<createdTime>2024-11-19 13:49:55 UTC</createdTime>
<commentInRDBMS><![CDATA[Este atributo irá receber o mês do registro da conta de luz. Seu conteudo é obrigatório.
]]></commentInRDBMS>
<ownerDesignName>teste</ownerDesignName>
<engineerTo>
<item key="E523AF7F-8A4A-D754-73E7-2C11D3CF8100" value="true"/>
</engineerTo>
<useDomainConstraints>false</useDomainConstraints>
<use>1</use>
<logicalDatatype>LOGDT007</logicalDatatype>
<ownDataTypeParameters>,,</ownDataTypeParameters>
</Attribute>
</attributes>
<identifiers itemClass="oracle.dbtools.crest.model.design.logical.CandidateKey">
<identifier id="D2109730-399E-8D74-A56A-D915DE693E98" name="CONSUMO_MENSAL PK">
<createdBy>labsfiap</createdBy>
<createdTime>2024-11-19 13:50:24 UTC</createdTime>
<ownerDesignName>teste</ownerDesignName>
<engineerTo>
<item key="E523AF7F-8A4A-D754-73E7-2C11D3CF8100" value="true"/>
</engineerTo>
<pk>true</pk>
<usedAttributes>
<attributeRef>37C914E1-2B82-2834-24C0-3B0733FC7EB7</attributeRef>
</usedAttributes>
</identifier>
</identifiers>
</Entity>
