<?xml version = '1.0' encoding = 'UTF-8'?>
<Entity class="oracle.dbtools.crest.model.design.logical.Entity" directorySegmentName="seg_0" id="F21D5C58-DA05-111C-498E-84C32C9EC1AB" name="T_REGIONS">
<createdBy>labsfiap</createdBy>
<createdTime>2024-11-19 13:59:16 UTC</createdTime>
<ownerDesignName>teste</ownerDesignName>
<engineerTo>
<item key="E523AF7F-8A4A-D754-73E7-2C11D3CF8100" value="true"/>
</engineerTo>
<adequatelyNormalized>NO</adequatelyNormalized>
<expectedVolumes>0</expectedVolumes>
<fwdEngineeringStrategyName>Single Table</fwdEngineeringStrategyName>
<growthPercent>0</growthPercent>
<growthType>Year</growthType>
<maxVolumes>9999999</maxVolumes>
<minVolumes>0</minVolumes>
<normalForm>Third</normalForm>
<attributes itemClass="oracle.dbtools.crest.model.design.logical.Attribute">
<Attribute name="ID_REGIONS" id="070BC8AC-4089-208F-55A6-6EA78958F843">
<createdBy>labsfiap</createdBy>
<createdTime>2024-11-19 13:59:26 UTC</createdTime>
<ownerDesignName>teste</ownerDesignName>
<engineerTo>
<item key="E523AF7F-8A4A-D754-73E7-2C11D3CF8100" value="true"/>
</engineerTo>
<useDomainConstraints>false</useDomainConstraints>
<use>1</use>
<logicalDatatype>LOGDT019</logicalDatatype>
<dataTypePrecision>9</dataTypePrecision>
<ownDataTypeParameters>,9,</ownDataTypeParameters>
</Attribute>
<Attribute name="COVERAGE_AREA" id="251B5A28-C028-37A0-AB34-75BF99E8F321">
<createdBy>labsfiap</createdBy>
<createdTime>2024-11-19 13:59:25 UTC</createdTime>
<commentInRDBMS><![CDATA[Este atributo irá receber a aréa de cobertura da companhia. Seu conteudo é obrigatório.
]]></commentInRDBMS>
<ownerDesignName>teste</ownerDesignName>
<engineerTo>
<item key="E523AF7F-8A4A-D754-73E7-2C11D3CF8100" value="true"/>
</engineerTo>
<useDomainConstraints>false</useDomainConstraints>
<use>1</use>
<logicalDatatype>LOGDT024</logicalDatatype>
<dataTypeSize>40</dataTypeSize>
<ownDataTypeParameters>40,,</ownDataTypeParameters>
</Attribute>
</attributes>
<identifiers itemClass="oracle.dbtools.crest.model.design.logical.CandidateKey">
<identifier id="4F87C2CA-05D9-819F-6EE7-5C71496D1380" name="T_REGIONS PK">
<createdBy>labsfiap</createdBy>
<createdTime>2024-11-19 13:59:33 UTC</createdTime>
<ownerDesignName>teste</ownerDesignName>
<engineerTo>
<item key="E523AF7F-8A4A-D754-73E7-2C11D3CF8100" value="true"/>
</engineerTo>
<pk>true</pk>
<usedAttributes>
<attributeRef>070BC8AC-4089-208F-55A6-6EA78958F843</attributeRef>
</usedAttributes>
</identifier>
</identifiers>
</Entity>
