<?xml version = '1.0' encoding = 'UTF-8'?>
<Entity class="oracle.dbtools.crest.model.design.logical.Entity" directorySegmentName="seg_0" id="F335B63C-6E44-757A-53CE-FEDE00647E75" name="T_ADDRESS">
<createdBy>Desktop</createdBy>
<createdTime>2024-11-16 16:54:42 UTC</createdTime>
<ownerDesignName>teste</ownerDesignName>
<engineerTo>
<item key="E523AF7F-8A4A-D754-73E7-2C11D3CF8100" value="true"/>
</engineerTo>
<adequatelyNormalized>NO</adequatelyNormalized>
<expectedVolumes>0</expectedVolumes>
<fwdEngineeringStrategyName>Single Table</fwdEngineeringStrategyName>
<growthPercent>0</growthPercent>
<growthType>Year</growthType>
<maxVolumes>9999999</maxVolumes>
<minVolumes>0</minVolumes>
<normalForm>Third</normalForm>
<attributes itemClass="oracle.dbtools.crest.model.design.logical.Attribute">
<Attribute name="ID_ADDRESS" id="0B2B413A-B435-2EA5-3906-20DDECD467B2">
<createdBy>Desktop</createdBy>
<createdTime>2024-11-16 17:12:05 UTC</createdTime>
<commentInRDBMS><![CDATA[Esse atributo irá receber a chave primária do endereço. Esse número é sequencial e gerado automaticamente pelo sistema. Seu conteúdo é obrigatório.]]></commentInRDBMS>
<ownerDesignName>teste</ownerDesignName>
<engineerTo>
<item key="E523AF7F-8A4A-D754-73E7-2C11D3CF8100" value="true"/>
</engineerTo>
<useDomainConstraints>false</useDomainConstraints>
<use>1</use>
<logicalDatatype>LOGDT019</logicalDatatype>
<dataTypePrecision>9</dataTypePrecision>
<ownDataTypeParameters>,9,</ownDataTypeParameters>
</Attribute>
<Attribute name="ID_CITY" id="93F587AD-F583-72FE-DA75-FB242CE2711C">
<createdBy>Desktop</createdBy>
<createdTime>2024-11-16 17:23:16 UTC</createdTime>
<commentInRDBMS><![CDATA[Esse atributo irá receber a chave primária da cidade. Esse número é sequencial e gerado automaticamente pelo sistema. Seu conteúdo é obrigatório.]]></commentInRDBMS>
<generatorID>E2C15E6B-9BCA-05D3-7202-97C01CD6F371</generatorID>
<ownerDesignName>teste</ownerDesignName>
<engineerTo>
<item key="E523AF7F-8A4A-D754-73E7-2C11D3CF8100" value="true"/>
</engineerTo>
<referedAttribute>1E020B39-6A63-A000-EC3D-102BA8D7F51C</referedAttribute>
<useDomainConstraints>false</useDomainConstraints>
<use>1</use>
<logicalDatatype>LOGDT019</logicalDatatype>
<dataTypePrecision>9</dataTypePrecision>
<ownDataTypeParameters>,,</ownDataTypeParameters>
</Attribute>
<Attribute name="NUMBER" id="386A7CAD-98FF-5DC6-07BF-C762B55096F5">
<createdBy>Desktop</createdBy>
<createdTime>2024-11-16 17:18:17 UTC</createdTime>
<commentInRDBMS><![CDATA[Este atributo irá receber o número do endereço. Seu conteudo é obrigatório.
]]></commentInRDBMS>
<ownerDesignName>teste</ownerDesignName>
<engineerTo>
<item key="E523AF7F-8A4A-D754-73E7-2C11D3CF8100" value="true"/>
</engineerTo>
<useDomainConstraints>false</useDomainConstraints>
<use>1</use>
<logicalDatatype>LOGDT019</logicalDatatype>
<dataTypePrecision>10</dataTypePrecision>
<ownDataTypeParameters>,10,</ownDataTypeParameters>
</Attribute>
<Attribute name="STREET" id="CD4ECF6C-5358-02E5-25D4-C9643E5A777A">
<createdBy>Desktop</createdBy>
<createdTime>2024-11-16 17:12:22 UTC</createdTime>
<commentInRDBMS><![CDATA[Este atributo irá receber o nome da rua. Seu conteudo é obrigatório.
]]></commentInRDBMS>
<ownerDesignName>teste</ownerDesignName>
<engineerTo>
<item key="E523AF7F-8A4A-D754-73E7-2C11D3CF8100" value="true"/>
</engineerTo>
<useDomainConstraints>false</useDomainConstraints>
<use>1</use>
<logicalDatatype>LOGDT024</logicalDatatype>
<dataTypeSize>40</dataTypeSize>
<ownDataTypeParameters>40,,</ownDataTypeParameters>
</Attribute>
<Attribute name="COMPLEMENT" id="1D0B26C7-B4AE-865C-5076-EEE7D1BA9804">
<createdBy>Desktop</createdBy>
<createdTime>2024-11-16 17:18:24 UTC</createdTime>
<commentInRDBMS><![CDATA[Este atributo irá receber o complemento do endereço. Seu conteudo é obrigatório.
]]></commentInRDBMS>
<ownerDesignName>teste</ownerDesignName>
<engineerTo>
<item key="E523AF7F-8A4A-D754-73E7-2C11D3CF8100" value="true"/>
</engineerTo>
<useDomainConstraints>false</useDomainConstraints>
<use>1</use>
<logicalDatatype>LOGDT024</logicalDatatype>
<dataTypeSize>20</dataTypeSize>
<ownDataTypeParameters>20,,</ownDataTypeParameters>
</Attribute>
<Attribute name="NEIGHBORHOOD" id="F93073B7-2274-8116-F835-7083AA849C75">
<createdBy>Desktop</createdBy>
<createdTime>2024-11-16 17:18:31 UTC</createdTime>
<commentInRDBMS><![CDATA[Este atributo irá receber o bairro da rua. Seu conteudo é obrigatório.
]]></commentInRDBMS>
<ownerDesignName>teste</ownerDesignName>
<engineerTo>
<item key="E523AF7F-8A4A-D754-73E7-2C11D3CF8100" value="true"/>
</engineerTo>
<useDomainConstraints>false</useDomainConstraints>
<use>1</use>
<logicalDatatype>LOGDT024</logicalDatatype>
<dataTypeSize>20</dataTypeSize>
<ownDataTypeParameters>20,,</ownDataTypeParameters>
</Attribute>
<Attribute name="ZIP_CODE" id="47D66687-6981-6B2B-7131-B7E88FF2B8B7">
<createdBy>Desktop</createdBy>
<createdTime>2024-11-16 17:18:36 UTC</createdTime>
<commentInRDBMS><![CDATA[Este atributo irá receber o CEP do endereço. Seu conteúdo é obrigatório.
]]></commentInRDBMS>
<ownerDesignName>teste</ownerDesignName>
<engineerTo>
<item key="E523AF7F-8A4A-D754-73E7-2C11D3CF8100" value="true"/>
</engineerTo>
<useDomainConstraints>false</useDomainConstraints>
<use>1</use>
<logicalDatatype>LOGDT024</logicalDatatype>
<dataTypeSize>9</dataTypeSize>
<ownDataTypeParameters>9,,</ownDataTypeParameters>
</Attribute>
</attributes>
<identifiers itemClass="oracle.dbtools.crest.model.design.logical.CandidateKey">
<identifier id="250097E9-4682-0BF5-A29C-FFF5FD3B49E7" name="T_ADDRESS PK">
<createdBy>Desktop</createdBy>
<createdTime>2024-11-16 17:12:19 UTC</createdTime>
<ownerDesignName>teste</ownerDesignName>
<shouldEngineer>false</shouldEngineer>
<engineerTo>
<item key="E523AF7F-8A4A-D754-73E7-2C11D3CF8100" value="false"/>
</engineerTo>
<pk>true</pk>
<usedAttributes>
<attributeRef>0B2B413A-B435-2EA5-3906-20DDECD467B2</attributeRef>
</usedAttributes>
</identifier>
</identifiers>
</Entity>
