<?xml version = '1.0' encoding = 'UTF-8'?>
<Diagram class="oracle.dbtools.crest.swingui.relational.DPVRelational" name="Relational_1" id="8504CEA0-2230-8C46-C7E9-DA6060A3416E">
<createdBy>Desktop</createdBy>
<modifiedBy>Desktop</modifiedBy>
<createdTime>2024-11-16 18:07:21 UTC</createdTime>
<autoRoute>false</autoRoute>
<boxInbox>true</boxInbox>
<showLegend>false</showLegend>
<showLabels>false</showLabels>
<showRelAttributes>false</showRelAttributes>
<gridEnabled>false</gridEnabled>
<showGrid>false</showGrid>
<diagramColor>-1</diagramColor>
<display>false</display>
<notation>1</notation>
<objectViews>
<OView class="oracle.dbtools.crest.swingui.relational.TVTable" oid="0306F4A1-2B71-93C6-C1C3-FA0C0FE8A186" otype="Table" vid="8BF7B60C-9267-5CBD-533A-EA69F84A1C09">
<hideElementsInCurrentOnly>false</hideElementsInCurrentOnly>
<bounds x="786" y="343" width="242" height="254"/>
</OView>
<OView class="oracle.dbtools.crest.swingui.relational.TVTable" oid="06F2B4B3-C942-5469-696D-C9CE33C50C8A" otype="Table" vid="03EC308C-4071-D820-A3AA-C6FE243A591E">
<hideElementsInCurrentOnly>false</hideElementsInCurrentOnly>
<bounds x="77" y="759" width="195" height="156"/>
</OView>
<OView class="oracle.dbtools.crest.swingui.relational.TVTable" oid="5E339481-5169-735F-95A2-F8D611F6A11D" otype="Table" vid="3E459CCE-1ACF-7C2F-A409-1C7092D7D6F2">
<hideElementsInCurrentOnly>false</hideElementsInCurrentOnly>
<bounds x="371" y="763" width="201" height="128"/>
</OView>
<OView class="oracle.dbtools.crest.swingui.relational.TVTable" oid="6797D77B-B47F-AC7D-8BFC-7612C11FFBAB" otype="Table" vid="D0C579B8-5465-3C60-A940-1F6D1CB6EC22">
<hideElementsInCurrentOnly>false</hideElementsInCurrentOnly>
<bounds x="438" y="391" width="228" height="74"/>
</OView>
<OView class="oracle.dbtools.crest.swingui.relational.TVTable" oid="84EFB409-7B3F-622F-1225-3A17DD504D9B" otype="Table" vid="5D9B6290-9308-2A57-8094-DB6642B31661">
<hideElementsInCurrentOnly>false</hideElementsInCurrentOnly>
<bounds x="57" y="69" width="279" height="142"/>
</OView>
<OView class="oracle.dbtools.crest.swingui.relational.TVTable" oid="86A517D7-F221-CA80-BD93-045642217887" otype="Table" vid="550E12C1-A12A-9B75-5A87-B3770BDA72FD">
<hideElementsInCurrentOnly>false</hideElementsInCurrentOnly>
<bounds x="443" y="86" width="230" height="212"/>
<useCustomFormat>true</useCustomFormat>
<useDefaultColor>false</useDefaultColor>
<backgroundColor>-16711783</backgroundColor>
<foregroundColor>-16776961</foregroundColor>
<fonts itemClass="oracle.dbtools.crest.model.design.FontObjectWr">
<FontObject>
<foType>Título</foType>
<fontStyle>1</fontStyle>
<colorRGB>-16776961</colorRGB>
</FontObject>
<FontObject>
<foType>Coluna</foType>
<colorRGB>-16777216</colorRGB>
</FontObject>
<FontObject>
<foType>NOT NULL</foType>
<colorRGB>-65536</colorRGB>
</FontObject>
<FontObject>
<foType>Elemento da Chave Primária</foType>
<colorRGB>-16776961</colorRGB>
</FontObject>
<FontObject>
<foType>Tipo de dados</foType>
<colorRGB>-16744448</colorRGB>
</FontObject>
<FontObject>
<foType>Elemento da Chave Estrangeira</foType>
<colorRGB>-16777216</colorRGB>
</FontObject>
<FontObject>
<foType>Chave</foType>
<colorRGB>-16777216</colorRGB>
</FontObject>
</fonts>
</OView>
<OView class="oracle.dbtools.crest.swingui.relational.TVTable" oid="AA86EF77-A51E-6890-285B-2EAFCDE27E4E" otype="Table" vid="66689DC6-64DB-638F-4070-87A18CD6B199">
<hideElementsInCurrentOnly>false</hideElementsInCurrentOnly>
<bounds x="86" y="511" width="219" height="184"/>
</OView>
<OView class="oracle.dbtools.crest.swingui.relational.TVTable" oid="B511C27E-5963-B3A1-7188-D6D633659B8B" otype="Table" vid="5132F6FA-3F8C-83DD-4639-F95A1D8B9655">
<hideElementsInCurrentOnly>false</hideElementsInCurrentOnly>
<bounds x="810" y="652" width="227" height="74"/>
</OView>
<OView class="oracle.dbtools.crest.swingui.relational.TVTable" oid="B67B3323-F5C6-1DD1-3371-DC5E033FCC83" otype="Table" vid="4804195C-B74A-2FBD-22E8-D41CB6146FB7">
<hideElementsInCurrentOnly>false</hideElementsInCurrentOnly>
<bounds x="816" y="153" width="216" height="74"/>
</OView>
<OView class="oracle.dbtools.crest.swingui.relational.TVTable" oid="CA9597C6-FFA3-998C-3CE4-A5238EBFA609" otype="Table" vid="0AEE003D-5024-70E1-A8B8-10D0DCDC5EB7">
<hideElementsInCurrentOnly>false</hideElementsInCurrentOnly>
<bounds x="658" y="791" width="221" height="74"/>
</OView>
<OView class="oracle.dbtools.crest.swingui.relational.TVTable" oid="D7AE4663-6467-7AE8-D16A-D7AA354E3A61" otype="Table" vid="959209B4-36B4-94A1-36EF-DA00CE071847">
<hideElementsInCurrentOnly>false</hideElementsInCurrentOnly>
<bounds x="74" y="239" width="228" height="240"/>
</OView>
</objectViews>
<connectors>
<Connector class="oracle.dbtools.crest.swingui.relational.TVFKRelation" oid="0F982DEF-537A-2F2A-BEBA-C971BD5FDD69" otype="FKIndexAssociation" vid_source="3E459CCE-1ACF-7C2F-A409-1C7092D7D6F2" vid_target="03EC308C-4071-D820-A3AA-C6FE243A591E">
<hideElementsInCurrentOnly>false</hideElementsInCurrentOnly>
<backgroundColor>-16777216</backgroundColor>
<lineWidth>1</lineWidth>
<points>
<point x="371" y="827"/>
<point x="272" y="827"/>
</points>
</Connector>
<Connector class="oracle.dbtools.crest.swingui.relational.TVFKRelation" oid="1CC41214-E88F-8B3F-5469-14949159C25A" otype="FKIndexAssociation" vid_source="66689DC6-64DB-638F-4070-87A18CD6B199" vid_target="8BF7B60C-9267-5CBD-533A-EA69F84A1C09">
<hideElementsInCurrentOnly>false</hideElementsInCurrentOnly>
<backgroundColor>-16777216</backgroundColor>
<lineWidth>1</lineWidth>
<points>
<point x="305" y="554"/>
<point x="786" y="554"/>
</points>
</Connector>
<Connector class="oracle.dbtools.crest.swingui.relational.TVFKRelation" oid="2B93E999-2893-1488-C8EB-3D9A055A88EB" otype="FKIndexAssociation" vid_source="8BF7B60C-9267-5CBD-533A-EA69F84A1C09" vid_target="550E12C1-A12A-9B75-5A87-B3770BDA72FD">
<hideElementsInCurrentOnly>false</hideElementsInCurrentOnly>
<backgroundColor>-16777216</backgroundColor>
<lineWidth>1</lineWidth>
<points>
<point x="786" y="373"/>
<point x="673" y="283"/>
</points>
</Connector>
<Connector class="oracle.dbtools.crest.swingui.relational.TVFKRelation" oid="4E16C3CF-01D2-5D28-EDFC-F689145FE554" otype="FKIndexAssociation" vid_source="0AEE003D-5024-70E1-A8B8-10D0DCDC5EB7" vid_target="3E459CCE-1ACF-7C2F-A409-1C7092D7D6F2">
<hideElementsInCurrentOnly>false</hideElementsInCurrentOnly>
<backgroundColor>-16777216</backgroundColor>
<lineWidth>1</lineWidth>
<points>
<point x="658" y="828"/>
<point x="572" y="828"/>
</points>
</Connector>
<Connector class="oracle.dbtools.crest.swingui.relational.TVFKRelation" oid="4F266A23-26F7-B31D-8E44-9567B03B1941" otype="FKIndexAssociation" vid_source="5132F6FA-3F8C-83DD-4639-F95A1D8B9655" vid_target="8BF7B60C-9267-5CBD-533A-EA69F84A1C09">
<hideElementsInCurrentOnly>false</hideElementsInCurrentOnly>
<backgroundColor>-16777216</backgroundColor>
<lineWidth>1</lineWidth>
<points>
<point x="919" y="652"/>
<point x="919" y="597"/>
</points>
</Connector>
<Connector class="oracle.dbtools.crest.swingui.relational.TVFKRelation" oid="53A58483-3F34-3F2D-D7E4-000D1A741F58" otype="FKIndexAssociation" vid_source="959209B4-36B4-94A1-36EF-DA00CE071847" vid_target="5D9B6290-9308-2A57-8094-DB6642B31661">
<hideElementsInCurrentOnly>false</hideElementsInCurrentOnly>
<backgroundColor>-16777216</backgroundColor>
<lineWidth>1</lineWidth>
<points>
<point x="188" y="239"/>
<point x="188" y="211"/>
</points>
</Connector>
<Connector class="oracle.dbtools.crest.swingui.relational.TVFKRelation" oid="5944F1F2-DEDD-A20E-B002-E437239AC25D" otype="FKIndexAssociation" vid_source="03EC308C-4071-D820-A3AA-C6FE243A591E" vid_target="66689DC6-64DB-638F-4070-87A18CD6B199">
<hideElementsInCurrentOnly>false</hideElementsInCurrentOnly>
<backgroundColor>-16777216</backgroundColor>
<lineWidth>1</lineWidth>
<points>
<point x="179" y="759"/>
<point x="179" y="695"/>
</points>
</Connector>
<Connector class="oracle.dbtools.crest.swingui.relational.TVFKRelation" oid="798DDEAB-3F2C-426B-6329-4B4047E37D2A" otype="FKIndexAssociation" vid_source="D0C579B8-5465-3C60-A940-1F6D1CB6EC22" vid_target="8BF7B60C-9267-5CBD-533A-EA69F84A1C09">
<hideElementsInCurrentOnly>false</hideElementsInCurrentOnly>
<backgroundColor>-16777216</backgroundColor>
<lineWidth>1</lineWidth>
<points>
<point x="666" y="428"/>
<point x="786" y="428"/>
</points>
</Connector>
<Connector class="oracle.dbtools.crest.swingui.relational.TVFKRelation" oid="957F814B-D3A5-7536-652E-186CE27799D8" otype="FKIndexAssociation" vid_source="4804195C-B74A-2FBD-22E8-D41CB6146FB7" vid_target="550E12C1-A12A-9B75-5A87-B3770BDA72FD">
<hideElementsInCurrentOnly>false</hideElementsInCurrentOnly>
<backgroundColor>-16777216</backgroundColor>
<lineWidth>1</lineWidth>
<points>
<point x="816" y="190"/>
<point x="673" y="190"/>
</points>
</Connector>
<Connector class="oracle.dbtools.crest.swingui.relational.TVFKRelation" oid="9BA7A488-EE55-3DB6-0E7D-132556B40B0D" otype="FKIndexAssociation" vid_source="D0C579B8-5465-3C60-A940-1F6D1CB6EC22" vid_target="959209B4-36B4-94A1-36EF-DA00CE071847">
<hideElementsInCurrentOnly>false</hideElementsInCurrentOnly>
<backgroundColor>-16777216</backgroundColor>
<lineWidth>1</lineWidth>
<points>
<point x="438" y="428"/>
<point x="302" y="428"/>
</points>
</Connector>
<Connector class="oracle.dbtools.crest.swingui.relational.TVFKRelation" oid="DF32C1F0-883A-7F9F-DDFB-427CF4E7D6CA" otype="FKIndexAssociation" vid_source="66689DC6-64DB-638F-4070-87A18CD6B199" vid_target="959209B4-36B4-94A1-36EF-DA00CE071847">
<hideElementsInCurrentOnly>false</hideElementsInCurrentOnly>
<backgroundColor>-16777216</backgroundColor>
<lineWidth>1</lineWidth>
<points>
<point x="194" y="511"/>
<point x="194" y="479"/>
</points>
</Connector>
<Connector class="oracle.dbtools.crest.swingui.relational.TVFKRelation" oid="EB6D39D1-DA24-B221-D289-ED7648FFB1D8" otype="FKIndexAssociation" vid_source="959209B4-36B4-94A1-36EF-DA00CE071847" vid_target="550E12C1-A12A-9B75-5A87-B3770BDA72FD">
<hideElementsInCurrentOnly>false</hideElementsInCurrentOnly>
<backgroundColor>-16777216</backgroundColor>
<lineWidth>1</lineWidth>
<points>
<point x="302" y="268"/>
<point x="443" y="268"/>
</points>
</Connector>
</connectors>
</Diagram>
