<?xml version = '1.0' encoding = 'UTF-8'?>
<Relation class="oracle.dbtools.crest.model.design.logical.Relation" name="Relation_7" directorySegmentName="seg_0" id="10BD83C5-8E7D-6A3B-4C68-1F4BDFACB492">
<createdBy>Desktop</createdBy>
<createdTime>2024-11-16 17:29:28 UTC</createdTime>
<ownerDesignName>teste</ownerDesignName>
<engineerTo>
<item key="E523AF7F-8A4A-D754-73E7-2C11D3CF8100" value="true"/>
</engineerTo>
<sourcePk>250097E9-4682-0BF5-A29C-FFF5FD3B49E7</sourcePk>
<identifying>false</identifying>
<optionalSource>true</optionalSource>
<optionalTarget>false</optionalTarget>
<sourceCardinality>1</sourceCardinality>
<sourceEntity>F335B63C-6E44-757A-53CE-FEDE00647E75</sourceEntity>
<targetCardinalityString>1</targetCardinalityString>
<targetEntity>5D26C429-4CA0-F038-105C-D23D8AE1F174</targetEntity>
<transferable>true</transferable>
<deleteRule>NO ACTION</deleteRule>
</Relation>
