<?xml version = '1.0' encoding = 'UTF-8'?>
<Relation class="oracle.dbtools.crest.model.design.logical.Relation" name="Relation_12" directorySegmentName="seg_0" id="118A02FA-ED20-F5C5-1730-F80B16A71E77">
<createdBy>labsfiap</createdBy>
<createdTime>2024-11-19 13:51:44 UTC</createdTime>
<ownerDesignName>teste</ownerDesignName>
<engineerTo>
<item key="E523AF7F-8A4A-D754-73E7-2C11D3CF8100" value="true"/>
</engineerTo>
<sourcePk>42B281E8-D554-3F53-E1D7-C848B92A266F</sourcePk>
<identifying>false</identifying>
<optionalSource>true</optionalSource>
<optionalTarget>false</optionalTarget>
<sourceCardinality>1</sourceCardinality>
<sourceEntity>0F14493F-420F-9F36-F4B1-0370CEEF6455</sourceEntity>
<targetCardinalityString>1</targetCardinalityString>
<targetEntity>36B25205-D2A4-CF52-BF9A-2AE48AC387F3</targetEntity>
<transferable>true</transferable>
<deleteRule>NO ACTION</deleteRule>
</Relation>
