<?xml version = '1.0' encoding = 'UTF-8'?>
<Relation class="oracle.dbtools.crest.model.design.logical.Relation" name="Relation_17" directorySegmentName="seg_0" id="358C738B-104D-1285-FCF9-16F9945BB1D6">
<createdBy>labsfiap</createdBy>
<createdTime>2024-11-19 14:04:28 UTC</createdTime>
<ownerDesignName>teste</ownerDesignName>
<engineerTo>
<item key="E523AF7F-8A4A-D754-73E7-2C11D3CF8100" value="true"/>
</engineerTo>
<sourcePk>51A78232-4369-FEA0-67DA-0578E78A8503</sourcePk>
<identifying>false</identifying>
<optionalSource>true</optionalSource>
<optionalTarget>false</optionalTarget>
<sourceCardinality>1</sourceCardinality>
<sourceEntity>6303DF7E-3E4F-45C6-F28D-4F6C3F1E8752</sourceEntity>
<targetCardinalityString>1</targetCardinalityString>
<targetEntity>11664E48-9BFB-E35E-5C65-9862CD2812DB</targetEntity>
<transferable>true</transferable>
<deleteRule>NO ACTION</deleteRule>
</Relation>
