<?xml version = '1.0' encoding = 'UTF-8'?>
<Relation class="oracle.dbtools.crest.model.design.logical.Relation" name="Relation_21" directorySegmentName="seg_0" id="3994E467-F3C3-4EC3-CF22-EC24DD4AA8B2">
<createdBy>labsfiap</createdBy>
<createdTime>2024-11-19 14:14:33 UTC</createdTime>
<ownerDesignName>teste</ownerDesignName>
<engineerTo>
<item key="E523AF7F-8A4A-D754-73E7-2C11D3CF8100" value="true"/>
</engineerTo>
<sourcePk>42B281E8-D554-3F53-E1D7-C848B92A266F</sourcePk>
<identifying>false</identifying>
<optionalSource>true</optionalSource>
<optionalTarget>false</optionalTarget>
<sourceCardinality>1</sourceCardinality>
<sourceEntity>0F14493F-420F-9F36-F4B1-0370CEEF6455</sourceEntity>
<targetCardinalityString>1</targetCardinalityString>
<targetEntity>5D26C429-4CA0-F038-105C-D23D8AE1F174</targetEntity>
<transferable>true</transferable>
<deleteRule>NO ACTION</deleteRule>
</Relation>
