<?xml version = '1.0' encoding = 'UTF-8'?>
<Relation class="oracle.dbtools.crest.model.design.logical.Relation" name="Relation_13" directorySegmentName="seg_0" id="4B919930-621E-59D2-B77F-EB13557B6B54">
<createdBy>labsfiap</createdBy>
<createdTime>2024-11-19 13:52:06 UTC</createdTime>
<ownerDesignName>teste</ownerDesignName>
<engineerTo>
<item key="E523AF7F-8A4A-D754-73E7-2C11D3CF8100" value="true"/>
</engineerTo>
<sourcePk>4D29FDE1-BFB3-64C7-084A-B1F102EFEB40</sourcePk>
<identifying>false</identifying>
<optionalSource>true</optionalSource>
<optionalTarget>false</optionalTarget>
<sourceCardinality>1</sourceCardinality>
<sourceEntity>36B25205-D2A4-CF52-BF9A-2AE48AC387F3</sourceEntity>
<targetCardinalityString>1</targetCardinalityString>
<targetEntity>143D6F7F-3346-C4F8-FDF9-0CB6FDD197B5</targetEntity>
<transferable>true</transferable>
<deleteRule>NO ACTION</deleteRule>
</Relation>
