<?xml version = '1.0' encoding = 'UTF-8'?>
<Relation class="oracle.dbtools.crest.model.design.logical.Relation" name="Relation_18" directorySegmentName="seg_0" id="58C0F055-9876-B247-E4CF-C16C7CC643CF">
<createdBy>labsfiap</createdBy>
<createdTime>2024-11-19 14:04:34 UTC</createdTime>
<ownerDesignName>teste</ownerDesignName>
<engineerTo>
<item key="E523AF7F-8A4A-D754-73E7-2C11D3CF8100" value="true"/>
</engineerTo>
<sourcePk>0DB1E044-7D9E-349A-0BFB-D0D0ACF828BC</sourcePk>
<identifying>false</identifying>
<optionalSource>true</optionalSource>
<optionalTarget>false</optionalTarget>
<sourceCardinality>1</sourceCardinality>
<sourceEntity>11664E48-9BFB-E35E-5C65-9862CD2812DB</sourceEntity>
<targetCardinalityString>1</targetCardinalityString>
<targetEntity>0FA0EA9B-1278-60BF-EC60-8C5CF457AAE1</targetEntity>
<transferable>true</transferable>
<deleteRule>NO ACTION</deleteRule>
</Relation>
