<?xml version = '1.0' encoding = 'UTF-8'?>
<Relation class="oracle.dbtools.crest.model.design.logical.Relation" name="Relation_14" directorySegmentName="seg_0" id="680DCF8E-CECE-7762-A8B3-79F986CC67FE">
<createdBy>labsfiap</createdBy>
<createdTime>2024-11-19 13:52:10 UTC</createdTime>
<ownerDesignName>teste</ownerDesignName>
<engineerTo>
<item key="E523AF7F-8A4A-D754-73E7-2C11D3CF8100" value="true"/>
</engineerTo>
<sourcePk>5C06FDD5-0DE5-9C8A-6430-694299352167</sourcePk>
<identifying>false</identifying>
<optionalSource>true</optionalSource>
<optionalTarget>false</optionalTarget>
<sourceCardinality>1</sourceCardinality>
<sourceEntity>5D26C429-4CA0-F038-105C-D23D8AE1F174</sourceEntity>
<targetCardinalityString>1</targetCardinalityString>
<targetEntity>143D6F7F-3346-C4F8-FDF9-0CB6FDD197B5</targetEntity>
<transferable>true</transferable>
<deleteRule>NO ACTION</deleteRule>
</Relation>
