<?xml version = '1.0' encoding = 'UTF-8'?>
<Relation class="oracle.dbtools.crest.model.design.logical.Relation" name="Relation_15" directorySegmentName="seg_0" id="6FEBCCC4-25D6-6AEA-D8B1-E22488CCE204">
<createdBy>labsfiap</createdBy>
<createdTime>2024-11-19 13:54:03 UTC</createdTime>
<ownerDesignName>teste</ownerDesignName>
<engineerTo>
<item key="E523AF7F-8A4A-D754-73E7-2C11D3CF8100" value="true"/>
</engineerTo>
<sourcePk>B2087D14-5318-59C0-9947-76CEDEAF1021</sourcePk>
<identifying>false</identifying>
<optionalSource>true</optionalSource>
<optionalTarget>false</optionalTarget>
<sourceCardinality>1</sourceCardinality>
<sourceEntity>06DAF2CD-12E4-FCE3-4EE1-4D679F3CE568</sourceEntity>
<targetCardinalityString>1</targetCardinalityString>
<targetEntity>143D6F7F-3346-C4F8-FDF9-0CB6FDD197B5</targetEntity>
<transferable>true</transferable>
<deleteRule>NO ACTION</deleteRule>
</Relation>
