<?xml version = '1.0' encoding = 'UTF-8'?>
<Relation class="oracle.dbtools.crest.model.design.logical.Relation" name="Relation_20" directorySegmentName="seg_0" id="76FF5837-4B90-9B60-FA44-31B5ABE43983">
<createdBy>labsfiap</createdBy>
<createdTime>2024-11-19 14:06:05 UTC</createdTime>
<ownerDesignName>teste</ownerDesignName>
<engineerTo>
<item key="E523AF7F-8A4A-D754-73E7-2C11D3CF8100" value="true"/>
</engineerTo>
<sourcePk>4D29FDE1-BFB3-64C7-084A-B1F102EFEB40</sourcePk>
<identifying>false</identifying>
<optionalSource>true</optionalSource>
<optionalTarget>false</optionalTarget>
<sourceCardinality>1</sourceCardinality>
<sourceEntity>36B25205-D2A4-CF52-BF9A-2AE48AC387F3</sourceEntity>
<targetCardinalityString>1</targetCardinalityString>
<targetEntity>EE95ED78-F5A5-350C-9EFA-D2693D6F080C</targetEntity>
<transferable>true</transferable>
<deleteRule>NO ACTION</deleteRule>
</Relation>
