<?xml version = '1.0' encoding = 'UTF-8'?>
<Relation class="oracle.dbtools.crest.model.design.logical.Relation" name="Relation_1" directorySegmentName="seg_0" id="E2C15E6B-9BCA-05D3-7202-97C01CD6F371">
<createdBy>Desktop</createdBy>
<createdTime>2024-11-16 17:23:16 UTC</createdTime>
<ownerDesignName>teste</ownerDesignName>
<engineerTo>
<item key="E523AF7F-8A4A-D754-73E7-2C11D3CF8100" value="true"/>
</engineerTo>
<sourcePk>ACD76CDF-551B-7149-49CA-6A8B9193D685</sourcePk>
<identifying>false</identifying>
<optionalSource>true</optionalSource>
<optionalTarget>false</optionalTarget>
<sourceCardinality>1</sourceCardinality>
<sourceEntity>0FA0EA9B-1278-60BF-EC60-8C5CF457AAE1</sourceEntity>
<targetCardinalityString>1</targetCardinalityString>
<targetEntity>F335B63C-6E44-757A-53CE-FEDE00647E75</targetEntity>
<transferable>true</transferable>
<deleteRule>NO ACTION</deleteRule>
</Relation>
