<?xml version = '1.0' encoding = 'UTF-8'?>
<Relation class="oracle.dbtools.crest.model.design.logical.Relation" name="Relation_16" directorySegmentName="seg_0" id="FAE5F2EB-DA42-3B9B-C09B-758D675AFA82">
<createdBy>labsfiap</createdBy>
<createdTime>2024-11-19 13:59:38 UTC</createdTime>
<ownerDesignName>teste</ownerDesignName>
<engineerTo>
<item key="E523AF7F-8A4A-D754-73E7-2C11D3CF8100" value="true"/>
</engineerTo>
<sourcePk>4F87C2CA-05D9-819F-6EE7-5C71496D1380</sourcePk>
<identifying>false</identifying>
<optionalSource>true</optionalSource>
<optionalTarget>false</optionalTarget>
<sourceCardinality>1</sourceCardinality>
<sourceEntity>F21D5C58-DA05-111C-498E-84C32C9EC1AB</sourceEntity>
<targetCardinalityString>1</targetCardinalityString>
<targetEntity>5D26C429-4CA0-F038-105C-D23D8AE1F174</targetEntity>
<transferable>true</transferable>
<deleteRule>NO ACTION</deleteRule>
</Relation>
