<?xml version = '1.0' encoding = 'UTF-8'?>
<Table class="oracle.dbtools.crest.model.design.relational.Table" directorySegmentName="seg_0" id="0306F4A1-2B71-93C6-C1C3-FA0C0FE8A186" name="T_COMPANY">
<createdBy>Desktop</createdBy>
<createdTime>2024-11-16 18:34:04 UTC</createdTime>
<generatorID>5D26C429-4CA0-F038-105C-D23D8AE1F174</generatorID>
<ownerDesignName>teste</ownerDesignName>
<allowColumnReorder>false</allowColumnReorder>
<existDependencyGenerateInDDl>true</existDependencyGenerateInDDl>
<parsed>true</parsed>
<columns itemClass="oracle.dbtools.crest.model.design.relational.Column">
<Column name="ID_COMPANY" id="32EDFB81-946C-A67E-8642-6F3CED40B6F1">
<createdBy>Desktop</createdBy>
<createdTime>2024-11-16 18:34:04 UTC</createdTime>
<commentInRDBMS><![CDATA[Esse atributo irá receber a chave primária da companhia. Esse número é sequencial e gerado automaticamente pelo sistema. Seu conteúdo é obrigatório.]]></commentInRDBMS>
<generatorID>19470030-3951-96B8-CF28-803C67D0CA3F</generatorID>
<ownerDesignName>teste</ownerDesignName>
<useDomainConstraints>false</useDomainConstraints>
<use>1</use>
<logicalDatatype>LOGDT019</logicalDatatype>
<dataTypePrecision>9</dataTypePrecision>
<ownDataTypeParameters>,9,</ownDataTypeParameters>
<autoIncrementCycle>false</autoIncrementCycle>
</Column>
<Column name="ID_ADDRESS" id="686DD3A8-B2F6-F50C-EE9A-B63700D4C083">
<createdBy>Desktop</createdBy>
<createdTime>2024-11-16 18:34:04 UTC</createdTime>
<commentInRDBMS><![CDATA[Esse atributo irá receber a chave primária do endereço. Esse número é sequencial e gerado automaticamente pelo sistema. Seu conteúdo é obrigatório.]]></commentInRDBMS>
<generatorID>61E15511-190E-CD73-9B52-D6BE6FA0754F</generatorID>
<ownerDesignName>teste</ownerDesignName>
<useDomainConstraints>false</useDomainConstraints>
<use>1</use>
<logicalDatatype>LOGDT019</logicalDatatype>
<dataTypePrecision>9</dataTypePrecision>
<ownDataTypeParameters>,,</ownDataTypeParameters>
<previousColumn>false</previousColumn>
<autoIncrementCycle>false</autoIncrementCycle>
<associations>
<colAssociation fkAssociation="1CC41214-E88F-8B3F-5469-14949159C25A" referredColumn="558CED0E-310C-E5F8-F32E-89DD3E15CA17"/>
</associations>
</Column>
<Column name="ID_REGIONS" id="ACCA142F-E0C8-3D63-1C7B-CD419934EF6D">
<createdBy>Desktop</createdBy>
<createdTime>2024-11-19 18:46:28 UTC</createdTime>
<commentInRDBMS><![CDATA[Esse atributo irá receber a chave primária da região. Esse número é sequencial e gerado automaticamente pelo sistema. Seu conteúdo é obrigatório.]]></commentInRDBMS>
<generatorID>BC37D981-3FFA-A479-7352-A61B1BDF7074</generatorID>
<ownerDesignName>teste</ownerDesignName>
<useDomainConstraints>false</useDomainConstraints>
<use>1</use>
<logicalDatatype>LOGDT019</logicalDatatype>
<dataTypePrecision>9</dataTypePrecision>
<ownDataTypeParameters>,,</ownDataTypeParameters>
<previousColumn>false</previousColumn>
<autoIncrementCycle>false</autoIncrementCycle>
<associations>
<colAssociation fkAssociation="4F266A23-26F7-B31D-8E44-9567B03B1941" referredColumn="A6B7E242-678C-27A5-E8EE-7CF5D60A2531"/>
</associations>
</Column>
<Column name="ID_TP_PROPERTY" id="01C95C62-E113-EBB4-68A9-3EA8F69B67C6">
<createdBy>Desktop</createdBy>
<createdTime>2024-11-19 18:46:28 UTC</createdTime>
<commentInRDBMS><![CDATA[Esse atributo irá receber a chave primária do tipo de imovel. Esse número é sequencial e gerado automaticamente pelo sistema. Seu conteúdo é obrigatório.]]></commentInRDBMS>
<generatorID>903BB1FF-F80F-17E4-3192-DC3E5E026B66</generatorID>
<ownerDesignName>teste</ownerDesignName>
<useDomainConstraints>false</useDomainConstraints>
<use>1</use>
<logicalDatatype>LOGDT019</logicalDatatype>
<dataTypePrecision>9</dataTypePrecision>
<ownDataTypeParameters>,,</ownDataTypeParameters>
<previousColumn>false</previousColumn>
<autoIncrementCycle>false</autoIncrementCycle>
<associations>
<colAssociation fkAssociation="798DDEAB-3F2C-426B-6329-4B4047E37D2A" referredColumn="AAFBDD75-AD15-C976-F91A-3621980054E3"/>
</associations>
</Column>
<Column name="COMPANY_NAME" id="1746F538-93E9-65E2-5D5D-E6E2900F529D">
<createdBy>Desktop</createdBy>
<createdTime>2024-11-16 18:34:04 UTC</createdTime>
<commentInRDBMS><![CDATA[Este atributo irá receber o nome da companhia. Seu conteudo é obrigatório.
]]></commentInRDBMS>
<generatorID>8749F22E-BAA0-ED72-D494-5B9E66B93D76</generatorID>
<ownerDesignName>teste</ownerDesignName>
<useDomainConstraints>false</useDomainConstraints>
<use>1</use>
<logicalDatatype>LOGDT024</logicalDatatype>
<dataTypeSize>20</dataTypeSize>
<ownDataTypeParameters>20,,</ownDataTypeParameters>
<autoIncrementCycle>false</autoIncrementCycle>
</Column>
<Column name="CNPJ" id="135E3EF1-7ABE-2DBE-41F0-48C432E6E561">
<createdBy>Desktop</createdBy>
<createdTime>2024-11-16 18:34:04 UTC</createdTime>
<commentInRDBMS><![CDATA[Este atributo irá receber o cnpj da companhia. Seu conteudo é obrigatório.
]]></commentInRDBMS>
<generatorID>B33C64DB-5A37-33B9-92FC-F2459A1C58B0</generatorID>
<ownerDesignName>teste</ownerDesignName>
<useDomainConstraints>false</useDomainConstraints>
<use>1</use>
<logicalDatatype>LOGDT019</logicalDatatype>
<dataTypePrecision>11</dataTypePrecision>
<ownDataTypeParameters>,11,</ownDataTypeParameters>
<autoIncrementCycle>false</autoIncrementCycle>
</Column>
<Column name="EMAIL_COMPANY" id="BAE54583-86B0-A8C7-FF04-D02C41F28A32">
<createdBy>Desktop</createdBy>
<createdTime>2024-11-16 18:34:04 UTC</createdTime>
<commentInRDBMS><![CDATA[Este atributo irá receber o email da companhia. Seu conteudo é obrigatório.
]]></commentInRDBMS>
<generatorID>BD67FBAA-64F8-67FC-9F83-24B3424BE73D</generatorID>
<ownerDesignName>teste</ownerDesignName>
<useDomainConstraints>false</useDomainConstraints>
<use>1</use>
<logicalDatatype>LOGDT024</logicalDatatype>
<dataTypeSize>40</dataTypeSize>
<ownDataTypeParameters>40,,</ownDataTypeParameters>
<autoIncrementCycle>false</autoIncrementCycle>
</Column>
<Column name="PHONE_COMPANY" id="4E90A409-2E2D-08EF-B704-4096901ACD66">
<createdBy>Desktop</createdBy>
<createdTime>2024-11-16 18:34:04 UTC</createdTime>
<commentInRDBMS><![CDATA[Este atributo irá receber o telefone da companhia. Seu conteudo é obrigatório.
]]></commentInRDBMS>
<generatorID>8FA5CF76-1E12-E979-1352-5ACDAAF51668</generatorID>
<ownerDesignName>teste</ownerDesignName>
<useDomainConstraints>false</useDomainConstraints>
<use>1</use>
<logicalDatatype>LOGDT024</logicalDatatype>
<dataTypeSize>14</dataTypeSize>
<ownDataTypeParameters>14,,</ownDataTypeParameters>
<autoIncrementCycle>false</autoIncrementCycle>
</Column>
</columns>
<indexes itemClass="oracle.dbtools.crest.model.design.relational.Index">
<ind_PK_UK id="A5355C1C-546D-16B5-95E2-CEB4535AB677" name="T_COMPANY_PK">
<createdBy>Desktop</createdBy>
<createdTime>2024-11-16 18:34:04 UTC</createdTime>
<generatorID>5C06FDD5-0DE5-9C8A-6430-694299352167</generatorID>
<ownerDesignName>teste</ownerDesignName>
<pk>true</pk>
<indexState>Primary Constraint</indexState>
<isSurrogateKey>false</isSurrogateKey>
<indexColumnUsage>
<colUsage columnID="32EDFB81-946C-A67E-8642-6F3CED40B6F1"/>
</indexColumnUsage>
</ind_PK_UK>
<ind_PK_UK id="E711BE89-F458-DC74-7ED2-BC7B23762A06" name="T_COMPANY__IDXv1">
<createdBy>Desktop</createdBy>
<createdTime>2024-11-16 18:34:04 UTC</createdTime>
<ownerDesignName>teste</ownerDesignName>
<indexState>Unique Plain Index</indexState>
<isSurrogateKey>false</isSurrogateKey>
<relationGeneratorID>10BD83C5-8E7D-6A3B-4C68-1F4BDFACB492</relationGeneratorID>
<indexColumnUsage>
<colUsage columnID="686DD3A8-B2F6-F50C-EE9A-B63700D4C083"/>
</indexColumnUsage>
</ind_PK_UK>
<ind_PK_UK id="DD17F90B-D3FE-A0E9-E159-0A4D3BC867E1" name="T_COMPANY__IDX">
<createdBy>Desktop</createdBy>
<createdTime>2024-11-19 18:46:28 UTC</createdTime>
<ownerDesignName>teste</ownerDesignName>
<indexState>Unique Plain Index</indexState>
<isSurrogateKey>false</isSurrogateKey>
<relationGeneratorID>FAE5F2EB-DA42-3B9B-C09B-758D675AFA82</relationGeneratorID>
<indexColumnUsage>
<colUsage columnID="ACCA142F-E0C8-3D63-1C7B-CD419934EF6D"/>
</indexColumnUsage>
</ind_PK_UK>
<ind_PK_UK id="0908C308-2006-304E-0376-09B592820D44" name="T_COMPANY__IDXv2">
<createdBy>Desktop</createdBy>
<createdTime>2024-11-19 18:46:28 UTC</createdTime>
<ownerDesignName>teste</ownerDesignName>
<indexState>Unique Plain Index</indexState>
<isSurrogateKey>false</isSurrogateKey>
<relationGeneratorID>3994E467-F3C3-4EC3-CF22-EC24DD4AA8B2</relationGeneratorID>
<indexColumnUsage>
<colUsage columnID="01C95C62-E113-EBB4-68A9-3EA8F69B67C6"/>
</indexColumnUsage>
</ind_PK_UK>
<ind_PK_UK id="C527B569-712C-E0F4-5DFF-53607F4048EB" name="Relation_7">
<createdBy>Desktop</createdBy>
<createdTime>2024-11-16 18:34:04 UTC</createdTime>
<generatorID>10BD83C5-8E7D-6A3B-4C68-1F4BDFACB492</generatorID>
<ownerDesignName>teste</ownerDesignName>
<indexState>Foreign Key</indexState>
<isSurrogateKey>false</isSurrogateKey>
<indexColumnUsage>
<colUsage columnID="686DD3A8-B2F6-F50C-EE9A-B63700D4C083"/>
</indexColumnUsage>
</ind_PK_UK>
<ind_PK_UK id="347CDD79-80AD-1EA0-2344-B852A2746666" name="Relation_16">
<createdBy>Desktop</createdBy>
<createdTime>2024-11-19 18:46:28 UTC</createdTime>
<generatorID>FAE5F2EB-DA42-3B9B-C09B-758D675AFA82</generatorID>
<ownerDesignName>teste</ownerDesignName>
<indexState>Foreign Key</indexState>
<isSurrogateKey>false</isSurrogateKey>
<indexColumnUsage>
<colUsage columnID="ACCA142F-E0C8-3D63-1C7B-CD419934EF6D"/>
</indexColumnUsage>
</ind_PK_UK>
<ind_PK_UK id="6E1A2310-F6F9-53D7-B061-C30424131B92" name="Relation_21">
<createdBy>Desktop</createdBy>
<createdTime>2024-11-19 18:46:28 UTC</createdTime>
<generatorID>3994E467-F3C3-4EC3-CF22-EC24DD4AA8B2</generatorID>
<ownerDesignName>teste</ownerDesignName>
<indexState>Foreign Key</indexState>
<isSurrogateKey>false</isSurrogateKey>
<indexColumnUsage>
<colUsage columnID="01C95C62-E113-EBB4-68A9-3EA8F69B67C6"/>
</indexColumnUsage>
</ind_PK_UK>
</indexes>
</Table>
