<?xml version = '1.0' encoding = 'UTF-8'?>
<Table class="oracle.dbtools.crest.model.design.relational.Table" directorySegmentName="seg_0" id="06F2B4B3-C942-5469-696D-C9CE33C50C8A" name="T_CITIES">
<createdBy>Desktop</createdBy>
<createdTime>2024-11-16 18:34:04 UTC</createdTime>
<generatorID>0FA0EA9B-1278-60BF-EC60-8C5CF457AAE1</generatorID>
<ownerDesignName>teste</ownerDesignName>
<allowColumnReorder>false</allowColumnReorder>
<existDependencyGenerateInDDl>true</existDependencyGenerateInDDl>
<parsed>true</parsed>
<columns itemClass="oracle.dbtools.crest.model.design.relational.Column">
<Column name="ID_CITY" id="6CC7A782-C49B-ED30-7B73-0EFFEC4D1C4F">
<createdBy>Desktop</createdBy>
<createdTime>2024-11-16 18:34:04 UTC</createdTime>
<commentInRDBMS><![CDATA[Esse atributo irá receber a chave primária da cidade. Esse número é sequencial e gerado automaticamente pelo sistema. Seu conteúdo é obrigatório.]]></commentInRDBMS>
<generatorID>1E020B39-6A63-A000-EC3D-102BA8D7F51C</generatorID>
<ownerDesignName>teste</ownerDesignName>
<useDomainConstraints>false</useDomainConstraints>
<use>1</use>
<logicalDatatype>LOGDT019</logicalDatatype>
<dataTypePrecision>9</dataTypePrecision>
<ownDataTypeParameters>,9,</ownDataTypeParameters>
<autoIncrementCycle>false</autoIncrementCycle>
</Column>
<Column name="ID_STATE" id="1AA4F1ED-1425-DBC8-C02E-7F67ABA17FB6">
<createdBy>Desktop</createdBy>
<createdTime>2024-11-19 18:46:28 UTC</createdTime>
<commentInRDBMS><![CDATA[Esse atributo irá receber a chave primária do estado. Esse número é sequencial e gerado automaticamente pelo sistema. Seu conteúdo é obrigatório.]]></commentInRDBMS>
<generatorID>3EE00AFF-09A9-1F66-806C-7D200D7EB941</generatorID>
<ownerDesignName>teste</ownerDesignName>
<useDomainConstraints>false</useDomainConstraints>
<use>1</use>
<logicalDatatype>LOGDT019</logicalDatatype>
<dataTypePrecision>9</dataTypePrecision>
<ownDataTypeParameters>,,</ownDataTypeParameters>
<previousColumn>false</previousColumn>
<autoIncrementCycle>false</autoIncrementCycle>
<associations>
<colAssociation fkAssociation="0F982DEF-537A-2F2A-BEBA-C971BD5FDD69" referredColumn="4ECBD16A-F25C-A325-95FF-0CC16147E924"/>
</associations>
</Column>
<Column name="CITY_NAME" id="9BF221C5-EBE4-0CD5-BD57-8782B890E35A">
<createdBy>Desktop</createdBy>
<createdTime>2024-11-16 18:34:04 UTC</createdTime>
<commentInRDBMS><![CDATA[Este atributo irá receber o nome da cidade. Seu conteudo é obrigatório.
]]></commentInRDBMS>
<generatorID>7B004714-D219-E9CB-2225-1034D23D7E5F</generatorID>
<ownerDesignName>teste</ownerDesignName>
<useDomainConstraints>false</useDomainConstraints>
<use>1</use>
<logicalDatatype>LOGDT024</logicalDatatype>
<dataTypeSize>30</dataTypeSize>
<ownDataTypeParameters>30,,</ownDataTypeParameters>
<autoIncrementCycle>false</autoIncrementCycle>
</Column>
<Column name="STATE" id="943623DA-FE89-640A-A2F7-6B029CF47BB9">
<createdBy>Desktop</createdBy>
<createdTime>2024-11-16 18:34:04 UTC</createdTime>
<commentInRDBMS><![CDATA[Este atributo irá receber o nome do estado: FIXO "SAO PAULO". Por que a aplicação é feita somente no estado de São Paulo. Seu conteudo é obrigatório.
]]></commentInRDBMS>
<generatorID>B785D5ED-07B5-DA11-F61F-6B56EC519681</generatorID>
<ownerDesignName>teste</ownerDesignName>
<useDomainConstraints>false</useDomainConstraints>
<use>1</use>
<logicalDatatype>LOGDT024</logicalDatatype>
<dataTypeSize>20</dataTypeSize>
<ownDataTypeParameters>20,,</ownDataTypeParameters>
<autoIncrementCycle>false</autoIncrementCycle>
</Column>
<Column name="COUNTRY" id="38A9E245-D2B1-2DF4-F596-30BFE546526B">
<createdBy>Desktop</createdBy>
<createdTime>2024-11-16 18:34:04 UTC</createdTime>
<commentInRDBMS><![CDATA[Este atributo irá receber o nome do país: FIXO "Brasil". Por que a aplicação é feita somente no Brasil. Seu conteudo é obrigatório.
]]></commentInRDBMS>
<generatorID>59319FB2-CA0D-D7B4-862A-8EF3C4B9DB9F</generatorID>
<ownerDesignName>teste</ownerDesignName>
<useDomainConstraints>false</useDomainConstraints>
<use>1</use>
<logicalDatatype>LOGDT024</logicalDatatype>
<dataTypeSize>20</dataTypeSize>
<ownDataTypeParameters>20,,</ownDataTypeParameters>
<autoIncrementCycle>false</autoIncrementCycle>
</Column>
</columns>
<indexes itemClass="oracle.dbtools.crest.model.design.relational.Index">
<ind_PK_UK id="EF38E3A6-2720-921E-1B95-89959650D6CA" name="T_CITIES_PK">
<createdBy>Desktop</createdBy>
<createdTime>2024-11-16 18:34:04 UTC</createdTime>
<generatorID>ACD76CDF-551B-7149-49CA-6A8B9193D685</generatorID>
<ownerDesignName>teste</ownerDesignName>
<pk>true</pk>
<indexState>Primary Constraint</indexState>
<isSurrogateKey>false</isSurrogateKey>
<indexColumnUsage>
<colUsage columnID="6CC7A782-C49B-ED30-7B73-0EFFEC4D1C4F"/>
</indexColumnUsage>
</ind_PK_UK>
<ind_PK_UK id="5E97B5AA-8C67-A238-BC4F-E916651587E3" name="T_CITIES__IDX">
<createdBy>Desktop</createdBy>
<createdTime>2024-11-19 18:46:28 UTC</createdTime>
<ownerDesignName>teste</ownerDesignName>
<indexState>Unique Plain Index</indexState>
<isSurrogateKey>false</isSurrogateKey>
<relationGeneratorID>58C0F055-9876-B247-E4CF-C16C7CC643CF</relationGeneratorID>
<indexColumnUsage>
<colUsage columnID="1AA4F1ED-1425-DBC8-C02E-7F67ABA17FB6"/>
</indexColumnUsage>
</ind_PK_UK>
<ind_PK_UK id="DCB18C61-D14C-BEEC-1099-57C07C587244" name="Relation_18">
<createdBy>Desktop</createdBy>
<createdTime>2024-11-19 18:46:28 UTC</createdTime>
<generatorID>58C0F055-9876-B247-E4CF-C16C7CC643CF</generatorID>
<ownerDesignName>teste</ownerDesignName>
<indexState>Foreign Key</indexState>
<isSurrogateKey>false</isSurrogateKey>
<indexColumnUsage>
<colUsage columnID="1AA4F1ED-1425-DBC8-C02E-7F67ABA17FB6"/>
</indexColumnUsage>
</ind_PK_UK>
</indexes>
</Table>
