<?xml version = '1.0' encoding = 'UTF-8'?>
<Table class="oracle.dbtools.crest.model.design.relational.Table" directorySegmentName="seg_0" id="5E339481-5169-735F-95A2-F8D611F6A11D" name="T_STATE">
<createdBy>Desktop</createdBy>
<createdTime>2024-11-19 18:46:28 UTC</createdTime>
<generatorID>11664E48-9BFB-E35E-5C65-9862CD2812DB</generatorID>
<ownerDesignName>teste</ownerDesignName>
<allowColumnReorder>false</allowColumnReorder>
<existDependencyGenerateInDDl>true</existDependencyGenerateInDDl>
<parsed>true</parsed>
<columns itemClass="oracle.dbtools.crest.model.design.relational.Column">
<Column name="ID_STATE" id="4ECBD16A-F25C-A325-95FF-0CC16147E924">
<createdBy>Desktop</createdBy>
<createdTime>2024-11-19 18:46:28 UTC</createdTime>
<commentInRDBMS><![CDATA[Esse atributo irá receber a chave primária do estado. Esse número é sequencial e gerado automaticamente pelo sistema. Seu conteúdo é obrigatório.]]></commentInRDBMS>
<generatorID>87B7A89A-84A7-E748-1928-015D1BA88F99</generatorID>
<ownerDesignName>teste</ownerDesignName>
<useDomainConstraints>false</useDomainConstraints>
<use>1</use>
<logicalDatatype>LOGDT019</logicalDatatype>
<dataTypePrecision>9</dataTypePrecision>
<ownDataTypeParameters>,9,</ownDataTypeParameters>
<autoIncrementCycle>false</autoIncrementCycle>
</Column>
<Column name="ID_COUNTRY" id="34B72A2C-7EB6-2581-8989-40A5DD8DA125">
<createdBy>Desktop</createdBy>
<createdTime>2024-11-19 18:46:28 UTC</createdTime>
<commentInRDBMS><![CDATA[Esse atributo irá receber a chave primária do pais. Esse número é sequencial e gerado automaticamente pelo sistema. Seu conteúdo é obrigatório.]]></commentInRDBMS>
<generatorID>2B4AD911-449B-4923-C771-55A813D0C443</generatorID>
<ownerDesignName>teste</ownerDesignName>
<useDomainConstraints>false</useDomainConstraints>
<use>1</use>
<logicalDatatype>LOGDT019</logicalDatatype>
<dataTypePrecision>9</dataTypePrecision>
<ownDataTypeParameters>,,</ownDataTypeParameters>
<previousColumn>false</previousColumn>
<autoIncrementCycle>false</autoIncrementCycle>
<associations>
<colAssociation fkAssociation="4E16C3CF-01D2-5D28-EDFC-F689145FE554" referredColumn="ACC17A6D-10DB-BE8F-13D0-0BDBF3456AD3"/>
</associations>
</Column>
<Column name="NAME_STATE" id="8BB49795-2B92-7E3B-6AF8-8CB9E0935991">
<createdBy>Desktop</createdBy>
<createdTime>2024-11-19 18:46:28 UTC</createdTime>
<commentInRDBMS><![CDATA[Este atributo irá receber o nome do estado. Seu conteudo é obrigatório.]]></commentInRDBMS>
<generatorID>CE10ADDD-796A-14D8-D5FB-F9D4C8C90A19</generatorID>
<ownerDesignName>teste</ownerDesignName>
<useDomainConstraints>false</useDomainConstraints>
<use>1</use>
<logicalDatatype>LOGDT024</logicalDatatype>
<dataTypeSize>20</dataTypeSize>
<ownDataTypeParameters>20,,</ownDataTypeParameters>
<autoIncrementCycle>false</autoIncrementCycle>
</Column>
</columns>
<indexes itemClass="oracle.dbtools.crest.model.design.relational.Index">
<ind_PK_UK id="18EA65B2-F776-EF7E-7988-7E04FC2B9990" name="T_ESTADO_PK">
<createdBy>Desktop</createdBy>
<createdTime>2024-11-19 18:46:28 UTC</createdTime>
<generatorID>0DB1E044-7D9E-349A-0BFB-D0D0ACF828BC</generatorID>
<ownerDesignName>teste</ownerDesignName>
<pk>true</pk>
<indexState>Primary Constraint</indexState>
<isSurrogateKey>false</isSurrogateKey>
<indexColumnUsage>
<colUsage columnID="4ECBD16A-F25C-A325-95FF-0CC16147E924"/>
</indexColumnUsage>
</ind_PK_UK>
<ind_PK_UK id="60F8AEB0-1A6E-EC39-0C2C-D1DE75C5D8D4" name="T_STATE__IDX">
<createdBy>Desktop</createdBy>
<createdTime>2024-11-19 18:46:28 UTC</createdTime>
<ownerDesignName>teste</ownerDesignName>
<indexState>Unique Plain Index</indexState>
<isSurrogateKey>false</isSurrogateKey>
<relationGeneratorID>358C738B-104D-1285-FCF9-16F9945BB1D6</relationGeneratorID>
<indexColumnUsage>
<colUsage columnID="34B72A2C-7EB6-2581-8989-40A5DD8DA125"/>
</indexColumnUsage>
</ind_PK_UK>
<ind_PK_UK id="C2A83251-CBA3-BBA3-721A-17AF362C01CC" name="Relation_17">
<createdBy>Desktop</createdBy>
<createdTime>2024-11-19 18:46:28 UTC</createdTime>
<generatorID>358C738B-104D-1285-FCF9-16F9945BB1D6</generatorID>
<ownerDesignName>teste</ownerDesignName>
<indexState>Foreign Key</indexState>
<isSurrogateKey>false</isSurrogateKey>
<indexColumnUsage>
<colUsage columnID="34B72A2C-7EB6-2581-8989-40A5DD8DA125"/>
</indexColumnUsage>
</ind_PK_UK>
</indexes>
</Table>
