<?xml version = '1.0' encoding = 'UTF-8'?>
<Table class="oracle.dbtools.crest.model.design.relational.Table" directorySegmentName="seg_0" id="84EFB409-7B3F-622F-1225-3A17DD504D9B" name="T_MONTHLY__CONSUMPTION">
<createdBy>Desktop</createdBy>
<createdTime>2024-11-19 18:46:28 UTC</createdTime>
<generatorID>EE95ED78-F5A5-350C-9EFA-D2693D6F080C</generatorID>
<ownerDesignName>teste</ownerDesignName>
<allowColumnReorder>false</allowColumnReorder>
<existDependencyGenerateInDDl>true</existDependencyGenerateInDDl>
<parsed>true</parsed>
<columns itemClass="oracle.dbtools.crest.model.design.relational.Column">
<Column name="ID_CONSUMPTION" id="1A941C7E-FA93-57D3-363C-9A361BAFAA49">
<createdBy>Desktop</createdBy>
<createdTime>2024-11-19 18:46:28 UTC</createdTime>
<commentInRDBMS><![CDATA[Esse atributo irá receber a chave primária do consumo. Esse número é sequencial e gerado automaticamente pelo sistema. Seu conteúdo é obrigatório.]]></commentInRDBMS>
<generatorID>37C914E1-2B82-2834-24C0-3B0733FC7EB7</generatorID>
<ownerDesignName>teste</ownerDesignName>
<useDomainConstraints>false</useDomainConstraints>
<use>1</use>
<logicalDatatype>LOGDT019</logicalDatatype>
<dataTypePrecision>9</dataTypePrecision>
<ownDataTypeParameters>,9,</ownDataTypeParameters>
<autoIncrementCycle>false</autoIncrementCycle>
</Column>
<Column name="ID_CLIENT" id="FE136E0E-8C4B-C358-26FA-2D6698320363">
<createdBy>Desktop</createdBy>
<createdTime>2024-11-19 18:46:28 UTC</createdTime>
<commentInRDBMS><![CDATA[Esse atributo irá receber a chave primária do cliente. Esse número é sequencial e gerado automaticamente pelo sistema. Seu conteúdo é obrigatório.]]></commentInRDBMS>
<generatorID>55D111FA-AB63-11A8-0833-A44C10EB6ECE</generatorID>
<ownerDesignName>teste</ownerDesignName>
<useDomainConstraints>false</useDomainConstraints>
<use>1</use>
<logicalDatatype>LOGDT019</logicalDatatype>
<dataTypePrecision>9</dataTypePrecision>
<ownDataTypeParameters>,,</ownDataTypeParameters>
<previousColumn>false</previousColumn>
<autoIncrementCycle>false</autoIncrementCycle>
<associations>
<colAssociation fkAssociation="53A58483-3F34-3F2D-D7E4-000D1A741F58" referredColumn="6C15CFCE-5FDE-1A15-727D-7C329F23420E"/>
</associations>
</Column>
<Column name="ENERGY_CONSUMPTION" id="A1D10A6B-32B0-4378-3C2A-5FA6EA3A3C5C">
<createdBy>Desktop</createdBy>
<createdTime>2024-11-19 18:46:28 UTC</createdTime>
<commentInRDBMS><![CDATA[Este atributo irá receber o valor gasto da energia. Seu conteudo é obrigatório.
]]></commentInRDBMS>
<generatorID>822F93CB-D713-74B4-7977-0DD9DFCFE48A</generatorID>
<ownerDesignName>teste</ownerDesignName>
<useDomainConstraints>false</useDomainConstraints>
<use>1</use>
<logicalDatatype>LOGDT019</logicalDatatype>
<dataTypePrecision>40</dataTypePrecision>
<ownDataTypeParameters>,40,</ownDataTypeParameters>
<autoIncrementCycle>false</autoIncrementCycle>
</Column>
<Column name="MONTH_REGISTRATION" id="E59A2F6A-BCC9-ED4A-7950-DE9E214EF60B">
<createdBy>Desktop</createdBy>
<createdTime>2024-11-19 18:46:28 UTC</createdTime>
<commentInRDBMS><![CDATA[Este atributo irá receber o mês do registro da conta de luz. Seu conteudo é obrigatório.
]]></commentInRDBMS>
<generatorID>91561C1C-3BD6-703B-6BA9-2E8E9402EB29</generatorID>
<ownerDesignName>teste</ownerDesignName>
<useDomainConstraints>false</useDomainConstraints>
<use>1</use>
<logicalDatatype>LOGDT007</logicalDatatype>
<ownDataTypeParameters>,,</ownDataTypeParameters>
<autoIncrementCycle>false</autoIncrementCycle>
</Column>
</columns>
<indexes itemClass="oracle.dbtools.crest.model.design.relational.Index">
<ind_PK_UK id="F1B9E3A5-F5A6-8D41-1AF9-36EC0FC7C0C7" name="CONSUMO_MENSAL_PK">
<createdBy>Desktop</createdBy>
<createdTime>2024-11-19 18:46:28 UTC</createdTime>
<generatorID>D2109730-399E-8D74-A56A-D915DE693E98</generatorID>
<ownerDesignName>teste</ownerDesignName>
<pk>true</pk>
<indexState>Primary Constraint</indexState>
<isSurrogateKey>false</isSurrogateKey>
<indexColumnUsage>
<colUsage columnID="1A941C7E-FA93-57D3-363C-9A361BAFAA49"/>
</indexColumnUsage>
</ind_PK_UK>
<ind_PK_UK id="9396FC2F-1B5D-7E4C-7061-FF6755BA20AE" name="T_MONTHLY__CONSUMPTION__IDX">
<createdBy>Desktop</createdBy>
<createdTime>2024-11-19 18:46:28 UTC</createdTime>
<ownerDesignName>teste</ownerDesignName>
<indexState>Unique Plain Index</indexState>
<isSurrogateKey>false</isSurrogateKey>
<relationGeneratorID>76FF5837-4B90-9B60-FA44-31B5ABE43983</relationGeneratorID>
<indexColumnUsage>
<colUsage columnID="FE136E0E-8C4B-C358-26FA-2D6698320363"/>
</indexColumnUsage>
</ind_PK_UK>
<ind_PK_UK id="BB12A27B-2801-AF65-B97D-B9134A4789B4" name="Relation_20">
<createdBy>Desktop</createdBy>
<createdTime>2024-11-19 18:46:28 UTC</createdTime>
<generatorID>76FF5837-4B90-9B60-FA44-31B5ABE43983</generatorID>
<ownerDesignName>teste</ownerDesignName>
<indexState>Foreign Key</indexState>
<isSurrogateKey>false</isSurrogateKey>
<indexColumnUsage>
<colUsage columnID="FE136E0E-8C4B-C358-26FA-2D6698320363"/>
</indexColumnUsage>
</ind_PK_UK>
</indexes>
</Table>
