<?xml version = '1.0' encoding = 'UTF-8'?>
<Table class="oracle.dbtools.crest.model.design.relational.Table" directorySegmentName="seg_0" id="86A517D7-F221-CA80-BD93-045642217887" name="T_SERVICES">
<createdBy>Desktop</createdBy>
<createdTime>2024-11-19 18:46:28 UTC</createdTime>
<generatorID>143D6F7F-3346-C4F8-FDF9-0CB6FDD197B5</generatorID>
<ownerDesignName>teste</ownerDesignName>
<allowColumnReorder>false</allowColumnReorder>
<existDependencyGenerateInDDl>true</existDependencyGenerateInDDl>
<parsed>true</parsed>
<columns itemClass="oracle.dbtools.crest.model.design.relational.Column">
<Column name="ID_SERVICE" id="9C208959-DAB6-5258-1C52-20FCD2DDCA5D">
<createdBy>Desktop</createdBy>
<createdTime>2024-11-19 18:46:28 UTC</createdTime>
<commentInRDBMS><![CDATA[Esse atributo irá receber a chave primária do serviço. Esse número é sequencial e gerado automaticamente pelo sistema. Seu conteúdo é obrigatório.]]></commentInRDBMS>
<generatorID>F58464FB-72D8-5ABF-C589-811B8A5F5F39</generatorID>
<ownerDesignName>teste</ownerDesignName>
<useDomainConstraints>false</useDomainConstraints>
<use>1</use>
<logicalDatatype>LOGDT019</logicalDatatype>
<dataTypePrecision>9</dataTypePrecision>
<ownDataTypeParameters>,9,</ownDataTypeParameters>
<autoIncrementCycle>false</autoIncrementCycle>
</Column>
<Column name="ID_CLIENT" id="B3D45C9F-E93F-ACEB-13E5-1935DEEB7A9C">
<createdBy>Desktop</createdBy>
<createdTime>2024-11-19 18:46:28 UTC</createdTime>
<commentInRDBMS><![CDATA[Esse atributo irá receber a chave primária do cliente. Esse número é sequencial e gerado automaticamente pelo sistema. Seu conteúdo é obrigatório.]]></commentInRDBMS>
<generatorID>FB2AA9C8-32FC-04D5-5F01-36D0D1AA947F</generatorID>
<ownerDesignName>teste</ownerDesignName>
<useDomainConstraints>false</useDomainConstraints>
<use>1</use>
<logicalDatatype>LOGDT019</logicalDatatype>
<dataTypePrecision>9</dataTypePrecision>
<ownDataTypeParameters>,,</ownDataTypeParameters>
<previousColumn>false</previousColumn>
<autoIncrementCycle>false</autoIncrementCycle>
<associations>
<colAssociation fkAssociation="EB6D39D1-DA24-B221-D289-ED7648FFB1D8" referredColumn="6C15CFCE-5FDE-1A15-727D-7C329F23420E"/>
</associations>
</Column>
<Column name="ID_COMPANY" id="8A7A1EFA-8B0F-ACD8-15DF-02E932047076">
<createdBy>Desktop</createdBy>
<createdTime>2024-11-19 18:46:28 UTC</createdTime>
<commentInRDBMS><![CDATA[Esse atributo irá receber a chave primária da companhia. Esse número é sequencial e gerado automaticamente pelo sistema. Seu conteúdo é obrigatório.]]></commentInRDBMS>
<generatorID>EC0BDF6F-B641-B7AC-42A2-C16277C18D0A</generatorID>
<ownerDesignName>teste</ownerDesignName>
<useDomainConstraints>false</useDomainConstraints>
<use>1</use>
<logicalDatatype>LOGDT019</logicalDatatype>
<dataTypePrecision>9</dataTypePrecision>
<ownDataTypeParameters>,,</ownDataTypeParameters>
<previousColumn>false</previousColumn>
<autoIncrementCycle>false</autoIncrementCycle>
<associations>
<colAssociation fkAssociation="2B93E999-2893-1488-C8EB-3D9A055A88EB" referredColumn="32EDFB81-946C-A67E-8642-6F3CED40B6F1"/>
</associations>
</Column>
<Column name="ID_TP_SERVICE" id="D7B3C566-BFC9-8652-E597-389B111CFAEF">
<createdBy>Desktop</createdBy>
<createdTime>2024-11-19 18:46:28 UTC</createdTime>
<commentInRDBMS><![CDATA[Esse atributo irá receber a chave primária do tipo de imovel. Esse número é sequencial e gerado automaticamente pelo sistema. Seu conteúdo é obrigatório.]]></commentInRDBMS>
<generatorID>CFB06B93-177C-B874-1B72-A5C89FBA6586</generatorID>
<ownerDesignName>teste</ownerDesignName>
<useDomainConstraints>false</useDomainConstraints>
<use>1</use>
<logicalDatatype>LOGDT019</logicalDatatype>
<ownDataTypeParameters>,,</ownDataTypeParameters>
<previousColumn>false</previousColumn>
<autoIncrementCycle>false</autoIncrementCycle>
<associations>
<colAssociation fkAssociation="957F814B-D3A5-7536-652E-186CE27799D8" referredColumn="C22DE450-EF24-A5A2-A41C-3E9E13C0CD37"/>
</associations>
</Column>
<Column name="TYPE_USER" id="5FB546A4-4259-8A41-D169-ABE1CE60C7AC">
<createdBy>Desktop</createdBy>
<createdTime>2024-11-19 18:46:28 UTC</createdTime>
<commentInRDBMS><![CDATA[Este atributo irá receber se o usuário esta contratando um serviço ou se ele é um prestador de serviço. Seu conteudo é obrigatório.]]></commentInRDBMS>
<generatorID>0D13B41C-3A39-DA0C-90DC-FC000A975530</generatorID>
<ownerDesignName>teste</ownerDesignName>
<useDomainConstraints>false</useDomainConstraints>
<use>1</use>
<logicalDatatype>LOGDT024</logicalDatatype>
<dataTypeSize>20</dataTypeSize>
<ownDataTypeParameters>20,,</ownDataTypeParameters>
<autoIncrementCycle>false</autoIncrementCycle>
</Column>
</columns>
<indexes itemClass="oracle.dbtools.crest.model.design.relational.Index">
<ind_PK_UK id="6C5959DF-3297-C655-F007-33CDDC8FE320" name="T_SERVICES_PK">
<createdBy>Desktop</createdBy>
<createdTime>2024-11-19 18:46:28 UTC</createdTime>
<generatorID>A85C53FB-6EC4-78AC-2661-B495B65E4E07</generatorID>
<ownerDesignName>teste</ownerDesignName>
<pk>true</pk>
<indexState>Primary Constraint</indexState>
<isSurrogateKey>false</isSurrogateKey>
<indexColumnUsage>
<colUsage columnID="9C208959-DAB6-5258-1C52-20FCD2DDCA5D"/>
</indexColumnUsage>
</ind_PK_UK>
<ind_PK_UK id="6162F5AD-0EEC-0CC9-8564-0EAA1D0652C8" name="T_SERVICES__IDX">
<createdBy>Desktop</createdBy>
<createdTime>2024-11-19 18:46:28 UTC</createdTime>
<ownerDesignName>teste</ownerDesignName>
<indexState>Unique Plain Index</indexState>
<isSurrogateKey>false</isSurrogateKey>
<relationGeneratorID>4B919930-621E-59D2-B77F-EB13557B6B54</relationGeneratorID>
<indexColumnUsage>
<colUsage columnID="B3D45C9F-E93F-ACEB-13E5-1935DEEB7A9C"/>
</indexColumnUsage>
</ind_PK_UK>
<ind_PK_UK id="0D1D203F-041E-3DC1-4639-3AE453427116" name="T_SERVICES__IDXv1">
<createdBy>Desktop</createdBy>
<createdTime>2024-11-19 18:46:28 UTC</createdTime>
<ownerDesignName>teste</ownerDesignName>
<indexState>Unique Plain Index</indexState>
<isSurrogateKey>false</isSurrogateKey>
<relationGeneratorID>680DCF8E-CECE-7762-A8B3-79F986CC67FE</relationGeneratorID>
<indexColumnUsage>
<colUsage columnID="8A7A1EFA-8B0F-ACD8-15DF-02E932047076"/>
</indexColumnUsage>
</ind_PK_UK>
<ind_PK_UK id="323872F7-6D0D-3175-0D23-C796C767A56C" name="T_SERVICES__IDXv2">
<createdBy>Desktop</createdBy>
<createdTime>2024-11-19 18:46:28 UTC</createdTime>
<ownerDesignName>teste</ownerDesignName>
<indexState>Unique Plain Index</indexState>
<isSurrogateKey>false</isSurrogateKey>
<relationGeneratorID>6FEBCCC4-25D6-6AEA-D8B1-E22488CCE204</relationGeneratorID>
<indexColumnUsage>
<colUsage columnID="D7B3C566-BFC9-8652-E597-389B111CFAEF"/>
</indexColumnUsage>
</ind_PK_UK>
<ind_PK_UK id="8946E88E-FCCA-B607-FEAD-D619ED20363C" name="Relation_13">
<createdBy>Desktop</createdBy>
<createdTime>2024-11-19 18:46:28 UTC</createdTime>
<generatorID>4B919930-621E-59D2-B77F-EB13557B6B54</generatorID>
<ownerDesignName>teste</ownerDesignName>
<indexState>Foreign Key</indexState>
<isSurrogateKey>false</isSurrogateKey>
<indexColumnUsage>
<colUsage columnID="B3D45C9F-E93F-ACEB-13E5-1935DEEB7A9C"/>
</indexColumnUsage>
</ind_PK_UK>
<ind_PK_UK id="96483F9F-08F8-52A0-63C9-2EE1EA56E555" name="Relation_14">
<createdBy>Desktop</createdBy>
<createdTime>2024-11-19 18:46:28 UTC</createdTime>
<generatorID>680DCF8E-CECE-7762-A8B3-79F986CC67FE</generatorID>
<ownerDesignName>teste</ownerDesignName>
<indexState>Foreign Key</indexState>
<isSurrogateKey>false</isSurrogateKey>
<indexColumnUsage>
<colUsage columnID="8A7A1EFA-8B0F-ACD8-15DF-02E932047076"/>
</indexColumnUsage>
</ind_PK_UK>
<ind_PK_UK id="CF7B27D3-A596-CFC8-7D9C-E27F109F4CD1" name="Relation_15">
<createdBy>Desktop</createdBy>
<createdTime>2024-11-19 18:46:28 UTC</createdTime>
<generatorID>6FEBCCC4-25D6-6AEA-D8B1-E22488CCE204</generatorID>
<ownerDesignName>teste</ownerDesignName>
<indexState>Foreign Key</indexState>
<isSurrogateKey>false</isSurrogateKey>
<indexColumnUsage>
<colUsage columnID="D7B3C566-BFC9-8652-E597-389B111CFAEF"/>
</indexColumnUsage>
</ind_PK_UK>
</indexes>
</Table>
