<?xml version = '1.0' encoding = 'UTF-8'?>
<Table class="oracle.dbtools.crest.model.design.relational.Table" directorySegmentName="seg_0" id="AA86EF77-A51E-6890-285B-2EAFCDE27E4E" name="T_ADDRESS">
<createdBy>Desktop</createdBy>
<createdTime>2024-11-16 18:34:04 UTC</createdTime>
<generatorID>F335B63C-6E44-757A-53CE-FEDE00647E75</generatorID>
<ownerDesignName>teste</ownerDesignName>
<allowColumnReorder>false</allowColumnReorder>
<existDependencyGenerateInDDl>true</existDependencyGenerateInDDl>
<parsed>true</parsed>
<columns itemClass="oracle.dbtools.crest.model.design.relational.Column">
<Column name="ID_ADDRESS" id="558CED0E-310C-E5F8-F32E-89DD3E15CA17">
<createdBy>Desktop</createdBy>
<createdTime>2024-11-16 18:34:04 UTC</createdTime>
<commentInRDBMS><![CDATA[Esse atributo irá receber a chave primária do endereço. Esse número é sequencial e gerado automaticamente pelo sistema. Seu conteúdo é obrigatório.]]></commentInRDBMS>
<generatorID>0B2B413A-B435-2EA5-3906-20DDECD467B2</generatorID>
<ownerDesignName>teste</ownerDesignName>
<useDomainConstraints>false</useDomainConstraints>
<use>1</use>
<logicalDatatype>LOGDT019</logicalDatatype>
<dataTypePrecision>9</dataTypePrecision>
<ownDataTypeParameters>,9,</ownDataTypeParameters>
<autoIncrementCycle>false</autoIncrementCycle>
</Column>
<Column name="ID_CITY" id="8A8C739B-2ACF-CD56-0E97-2D257ADCF133">
<createdBy>Desktop</createdBy>
<createdTime>2024-11-16 18:34:04 UTC</createdTime>
<commentInRDBMS><![CDATA[Esse atributo irá receber a chave primária da cidade. Esse número é sequencial e gerado automaticamente pelo sistema. Seu conteúdo é obrigatório.]]></commentInRDBMS>
<generatorID>93F587AD-F583-72FE-DA75-FB242CE2711C</generatorID>
<ownerDesignName>teste</ownerDesignName>
<useDomainConstraints>false</useDomainConstraints>
<use>1</use>
<logicalDatatype>LOGDT019</logicalDatatype>
<dataTypePrecision>9</dataTypePrecision>
<ownDataTypeParameters>,9,</ownDataTypeParameters>
<previousColumn>false</previousColumn>
<autoIncrementCycle>false</autoIncrementCycle>
<associations>
<colAssociation fkAssociation="5944F1F2-DEDD-A20E-B002-E437239AC25D" referredColumn="6CC7A782-C49B-ED30-7B73-0EFFEC4D1C4F"/>
</associations>
</Column>
<Column name="STREET" id="69447289-801C-FB91-E8F3-DB83BD2FF124">
<createdBy>Desktop</createdBy>
<createdTime>2024-11-16 18:34:04 UTC</createdTime>
<commentInRDBMS><![CDATA[Este atributo irá receber o nome da rua. Seu conteudo é obrigatório.
]]></commentInRDBMS>
<generatorID>CD4ECF6C-5358-02E5-25D4-C9643E5A777A</generatorID>
<ownerDesignName>teste</ownerDesignName>
<useDomainConstraints>false</useDomainConstraints>
<use>1</use>
<logicalDatatype>LOGDT024</logicalDatatype>
<dataTypeSize>40</dataTypeSize>
<ownDataTypeParameters>40,,</ownDataTypeParameters>
<autoIncrementCycle>false</autoIncrementCycle>
</Column>
<Column name="NUMBER" id="11C3D9A2-7587-12C0-BD64-7FAED742F6E6">
<createdBy>Desktop</createdBy>
<createdTime>2024-11-16 18:34:04 UTC</createdTime>
<commentInRDBMS><![CDATA[Este atributo irá receber o número do endereço. Seu conteudo é obrigatório.
]]></commentInRDBMS>
<generatorID>386A7CAD-98FF-5DC6-07BF-C762B55096F5</generatorID>
<ownerDesignName>teste</ownerDesignName>
<useDomainConstraints>false</useDomainConstraints>
<use>1</use>
<logicalDatatype>LOGDT019</logicalDatatype>
<dataTypePrecision>10</dataTypePrecision>
<ownDataTypeParameters>,10,</ownDataTypeParameters>
<autoIncrementCycle>false</autoIncrementCycle>
</Column>
<Column name="COMPLEMENT" id="9221561F-81B1-B6F3-2348-A30E77D94DA4">
<createdBy>Desktop</createdBy>
<createdTime>2024-11-16 18:34:04 UTC</createdTime>
<commentInRDBMS><![CDATA[Este atributo irá receber o complemento do endereço. Seu conteudo é obrigatório.
]]></commentInRDBMS>
<generatorID>1D0B26C7-B4AE-865C-5076-EEE7D1BA9804</generatorID>
<ownerDesignName>teste</ownerDesignName>
<useDomainConstraints>false</useDomainConstraints>
<use>1</use>
<logicalDatatype>LOGDT024</logicalDatatype>
<dataTypeSize>20</dataTypeSize>
<ownDataTypeParameters>20,,</ownDataTypeParameters>
<autoIncrementCycle>false</autoIncrementCycle>
</Column>
<Column name="NEIGHBORHOOD" id="9FE58259-B581-CA8D-8F29-53F519840F05">
<createdBy>Desktop</createdBy>
<createdTime>2024-11-16 18:34:04 UTC</createdTime>
<commentInRDBMS><![CDATA[Este atributo irá receber o bairro da rua. Seu conteudo é obrigatório.
]]></commentInRDBMS>
<generatorID>F93073B7-2274-8116-F835-7083AA849C75</generatorID>
<ownerDesignName>teste</ownerDesignName>
<useDomainConstraints>false</useDomainConstraints>
<use>1</use>
<logicalDatatype>LOGDT024</logicalDatatype>
<dataTypeSize>20</dataTypeSize>
<ownDataTypeParameters>20,,</ownDataTypeParameters>
<autoIncrementCycle>false</autoIncrementCycle>
</Column>
<Column name="ZIP_CODE" id="B51ADBE3-B2E8-1DD1-62EF-273E8624F79E">
<createdBy>Desktop</createdBy>
<createdTime>2024-11-16 18:34:04 UTC</createdTime>
<commentInRDBMS><![CDATA[Este atributo irá receber o CEP do endereço. Seu conteúdo é obrigatório.
]]></commentInRDBMS>
<generatorID>47D66687-6981-6B2B-7131-B7E88FF2B8B7</generatorID>
<ownerDesignName>teste</ownerDesignName>
<useDomainConstraints>false</useDomainConstraints>
<use>1</use>
<logicalDatatype>LOGDT024</logicalDatatype>
<dataTypeSize>9</dataTypeSize>
<ownDataTypeParameters>9,,</ownDataTypeParameters>
<autoIncrementCycle>false</autoIncrementCycle>
</Column>
</columns>
<indexes itemClass="oracle.dbtools.crest.model.design.relational.Index">
<ind_PK_UK id="3D68842F-B011-B71B-D68B-E8A9B8DFCEA8" name="T_ADDRESS_PK">
<createdBy>Desktop</createdBy>
<createdTime>2024-11-16 18:34:04 UTC</createdTime>
<generatorID>250097E9-4682-0BF5-A29C-FFF5FD3B49E7</generatorID>
<ownerDesignName>teste</ownerDesignName>
<pk>true</pk>
<indexState>Primary Constraint</indexState>
<isSurrogateKey>false</isSurrogateKey>
<indexColumnUsage>
<colUsage columnID="558CED0E-310C-E5F8-F32E-89DD3E15CA17"/>
</indexColumnUsage>
</ind_PK_UK>
<ind_PK_UK id="4F79A94A-7264-4586-6B42-C0C194516316" name="T_ADDRESS__IDX">
<createdBy>Desktop</createdBy>
<createdTime>2024-11-16 18:34:04 UTC</createdTime>
<ownerDesignName>teste</ownerDesignName>
<indexState>Unique Plain Index</indexState>
<isSurrogateKey>false</isSurrogateKey>
<relationGeneratorID>E2C15E6B-9BCA-05D3-7202-97C01CD6F371</relationGeneratorID>
<indexColumnUsage>
<colUsage columnID="8A8C739B-2ACF-CD56-0E97-2D257ADCF133"/>
</indexColumnUsage>
</ind_PK_UK>
<ind_PK_UK id="ECF169E3-176F-14CB-05D4-BC8A4C53CF7A" name="Relation_1">
<createdBy>Desktop</createdBy>
<createdTime>2024-11-16 18:34:04 UTC</createdTime>
<generatorID>E2C15E6B-9BCA-05D3-7202-97C01CD6F371</generatorID>
<ownerDesignName>teste</ownerDesignName>
<indexState>Foreign Key</indexState>
<isSurrogateKey>false</isSurrogateKey>
<indexColumnUsage>
<colUsage columnID="8A8C739B-2ACF-CD56-0E97-2D257ADCF133"/>
</indexColumnUsage>
</ind_PK_UK>
</indexes>
</Table>
