<?xml version = '1.0' encoding = 'UTF-8'?>
<Table class="oracle.dbtools.crest.model.design.relational.Table" directorySegmentName="seg_0" id="B511C27E-5963-B3A1-7188-D6D633659B8B" name="T_REGIONS">
<createdBy>Desktop</createdBy>
<createdTime>2024-11-19 18:46:28 UTC</createdTime>
<generatorID>F21D5C58-DA05-111C-498E-84C32C9EC1AB</generatorID>
<ownerDesignName>teste</ownerDesignName>
<allowColumnReorder>false</allowColumnReorder>
<existDependencyGenerateInDDl>true</existDependencyGenerateInDDl>
<parsed>true</parsed>
<columns itemClass="oracle.dbtools.crest.model.design.relational.Column">
<Column name="ID_REGIONS" id="A6B7E242-678C-27A5-E8EE-7CF5D60A2531">
<createdBy>Desktop</createdBy>
<createdTime>2024-11-19 18:46:28 UTC</createdTime>
<generatorID>070BC8AC-4089-208F-55A6-6EA78958F843</generatorID>
<ownerDesignName>teste</ownerDesignName>
<useDomainConstraints>false</useDomainConstraints>
<use>1</use>
<logicalDatatype>LOGDT019</logicalDatatype>
<dataTypePrecision>9</dataTypePrecision>
<ownDataTypeParameters>,9,</ownDataTypeParameters>
<autoIncrementCycle>false</autoIncrementCycle>
</Column>
<Column name="COVERAGE_AREA" id="D79B757C-72CE-E4FC-23A2-16C40AF13796">
<createdBy>Desktop</createdBy>
<createdTime>2024-11-19 18:46:28 UTC</createdTime>
<commentInRDBMS><![CDATA[Este atributo irá receber a aréa de cobertura da companhia. Seu conteudo é obrigatório.
]]></commentInRDBMS>
<generatorID>251B5A28-C028-37A0-AB34-75BF99E8F321</generatorID>
<ownerDesignName>teste</ownerDesignName>
<useDomainConstraints>false</useDomainConstraints>
<use>1</use>
<logicalDatatype>LOGDT024</logicalDatatype>
<dataTypeSize>40</dataTypeSize>
<ownDataTypeParameters>40,,</ownDataTypeParameters>
<autoIncrementCycle>false</autoIncrementCycle>
</Column>
</columns>
<indexes itemClass="oracle.dbtools.crest.model.design.relational.Index">
<ind_PK_UK id="E28A5DD0-89EA-58EB-96CC-D1C2B0BC606B" name="T_REGIONS_PK">
<createdBy>Desktop</createdBy>
<createdTime>2024-11-19 18:46:28 UTC</createdTime>
<generatorID>4F87C2CA-05D9-819F-6EE7-5C71496D1380</generatorID>
<ownerDesignName>teste</ownerDesignName>
<pk>true</pk>
<indexState>Primary Constraint</indexState>
<isSurrogateKey>false</isSurrogateKey>
<indexColumnUsage>
<colUsage columnID="A6B7E242-678C-27A5-E8EE-7CF5D60A2531"/>
</indexColumnUsage>
</ind_PK_UK>
</indexes>
</Table>
