<?xml version = '1.0' encoding = 'UTF-8'?>
<Table class="oracle.dbtools.crest.model.design.relational.Table" directorySegmentName="seg_0" id="B67B3323-F5C6-1DD1-3371-DC5E033FCC83" name="T_TYPE_SERVICE">
<createdBy>Desktop</createdBy>
<createdTime>2024-11-19 18:46:28 UTC</createdTime>
<generatorID>06DAF2CD-12E4-FCE3-4EE1-4D679F3CE568</generatorID>
<ownerDesignName>teste</ownerDesignName>
<allowColumnReorder>false</allowColumnReorder>
<existDependencyGenerateInDDl>true</existDependencyGenerateInDDl>
<parsed>true</parsed>
<columns itemClass="oracle.dbtools.crest.model.design.relational.Column">
<Column name="ID_TP_SERVICE" id="C22DE450-EF24-A5A2-A41C-3E9E13C0CD37">
<createdBy>Desktop</createdBy>
<createdTime>2024-11-19 18:46:28 UTC</createdTime>
<commentInRDBMS><![CDATA[Esse atributo irá receber a chave primária do tipo de servico. Esse número é sequencial e gerado automaticamente pelo sistema. Seu conteúdo é obrigatório.]]></commentInRDBMS>
<generatorID>E9B8431F-2D62-FC4D-0060-CD1A19E6F4E6</generatorID>
<ownerDesignName>teste</ownerDesignName>
<useDomainConstraints>false</useDomainConstraints>
<use>1</use>
<logicalDatatype>LOGDT019</logicalDatatype>
<ownDataTypeParameters>,,</ownDataTypeParameters>
<autoIncrementCycle>false</autoIncrementCycle>
</Column>
<Column name="SOLUTIONS" id="22151CF0-A87E-D2DB-7BAD-869216822D4F">
<createdBy>Desktop</createdBy>
<createdTime>2024-11-19 18:46:28 UTC</createdTime>
<commentInRDBMS><![CDATA[Este atributo irá receber a soluçãodo que o cliente deseja ou da companhia (alugar, vender ou manutenção). Seu conteudo é obrigatório.
]]></commentInRDBMS>
<generatorID>55FF8E35-EAE6-FFDB-AC03-F840563033BB</generatorID>
<ownerDesignName>teste</ownerDesignName>
<useDomainConstraints>false</useDomainConstraints>
<use>1</use>
<logicalDatatype>LOGDT024</logicalDatatype>
<dataTypeSize>30</dataTypeSize>
<ownDataTypeParameters>30,,</ownDataTypeParameters>
<autoIncrementCycle>false</autoIncrementCycle>
</Column>
</columns>
<indexes itemClass="oracle.dbtools.crest.model.design.relational.Index">
<ind_PK_UK id="3A22234C-7FAE-B3A4-CE97-2E6427F7F57D" name="TP_SERVICO_PK">
<createdBy>Desktop</createdBy>
<createdTime>2024-11-19 18:46:28 UTC</createdTime>
<generatorID>B2087D14-5318-59C0-9947-76CEDEAF1021</generatorID>
<ownerDesignName>teste</ownerDesignName>
<pk>true</pk>
<indexState>Primary Constraint</indexState>
<isSurrogateKey>false</isSurrogateKey>
<indexColumnUsage>
<colUsage columnID="C22DE450-EF24-A5A2-A41C-3E9E13C0CD37"/>
</indexColumnUsage>
</ind_PK_UK>
</indexes>
</Table>
