<?xml version = '1.0' encoding = 'UTF-8'?>
<Table class="oracle.dbtools.crest.model.design.relational.Table" directorySegmentName="seg_0" id="D7AE4663-6467-7AE8-D16A-D7AA354E3A61" name="T_CLIENT">
<createdBy>Desktop</createdBy>
<createdTime>2024-11-16 18:34:04 UTC</createdTime>
<generatorID>36B25205-D2A4-CF52-BF9A-2AE48AC387F3</generatorID>
<ownerDesignName>teste</ownerDesignName>
<allowColumnReorder>false</allowColumnReorder>
<existDependencyGenerateInDDl>true</existDependencyGenerateInDDl>
<parsed>true</parsed>
<columns itemClass="oracle.dbtools.crest.model.design.relational.Column">
<Column name="ID_CLIENT" id="6C15CFCE-5FDE-1A15-727D-7C329F23420E">
<createdBy>Desktop</createdBy>
<createdTime>2024-11-16 18:34:04 UTC</createdTime>
<commentInRDBMS><![CDATA[Esse atributo irá receber a chave primária do cliente. Esse número é sequencial e gerado automaticamente pelo sistema. Seu conteúdo é obrigatório.]]></commentInRDBMS>
<generatorID>7DFA604A-8569-02B3-5027-91A181C44C17</generatorID>
<ownerDesignName>teste</ownerDesignName>
<useDomainConstraints>false</useDomainConstraints>
<use>1</use>
<logicalDatatype>LOGDT019</logicalDatatype>
<dataTypePrecision>9</dataTypePrecision>
<ownDataTypeParameters>,9,</ownDataTypeParameters>
<autoIncrementCycle>false</autoIncrementCycle>
</Column>
<Column name="ID_ADDRESS" id="01AEF839-5C30-7901-7185-596C0C42A226">
<createdBy>Desktop</createdBy>
<createdTime>2024-11-16 18:34:04 UTC</createdTime>
<commentInRDBMS><![CDATA[Esse atributo irá receber a chave primária do endereço. Esse número é sequencial e gerado automaticamente pelo sistema. Seu conteúdo é obrigatório.]]></commentInRDBMS>
<generatorID>53FACF1A-5ACA-1A38-3F1A-4831C414004B</generatorID>
<ownerDesignName>teste</ownerDesignName>
<useDomainConstraints>false</useDomainConstraints>
<use>1</use>
<logicalDatatype>LOGDT019</logicalDatatype>
<dataTypePrecision>9</dataTypePrecision>
<ownDataTypeParameters>,,</ownDataTypeParameters>
<previousColumn>false</previousColumn>
<autoIncrementCycle>false</autoIncrementCycle>
<associations>
<colAssociation fkAssociation="DF32C1F0-883A-7F9F-DDFB-427CF4E7D6CA" referredColumn="558CED0E-310C-E5F8-F32E-89DD3E15CA17"/>
</associations>
</Column>
<Column name="ID_TP_PROPERTY" id="749E34A8-2FB2-A10E-C632-8C55955AE58C">
<createdBy>Desktop</createdBy>
<createdTime>2024-11-19 18:46:28 UTC</createdTime>
<commentInRDBMS><![CDATA[Esse atributo irá receber a chave primária do tipo de imovel. Esse número é sequencial e gerado automaticamente pelo sistema. Seu conteúdo é obrigatório.]]></commentInRDBMS>
<generatorID>5D917A3A-82A4-53A5-F3CA-228E40C50DEF</generatorID>
<ownerDesignName>teste</ownerDesignName>
<useDomainConstraints>false</useDomainConstraints>
<use>1</use>
<logicalDatatype>LOGDT019</logicalDatatype>
<dataTypePrecision>9</dataTypePrecision>
<ownDataTypeParameters>,,</ownDataTypeParameters>
<previousColumn>false</previousColumn>
<autoIncrementCycle>false</autoIncrementCycle>
<associations>
<colAssociation fkAssociation="9BA7A488-EE55-3DB6-0E7D-132556B40B0D" referredColumn="AAFBDD75-AD15-C976-F91A-3621980054E3"/>
</associations>
</Column>
<Column name="CLIENT_NAME" id="AEA80F13-C3FD-2FC6-126B-352C1C109276">
<createdBy>Desktop</createdBy>
<createdTime>2024-11-16 18:34:04 UTC</createdTime>
<commentInRDBMS><![CDATA[Este atributo irá receber o nome do cliente. Seu conteudo é obrigatório.]]></commentInRDBMS>
<generatorID>426A6DCB-1853-39A3-C8AF-803D2D99AA96</generatorID>
<ownerDesignName>teste</ownerDesignName>
<useDomainConstraints>false</useDomainConstraints>
<use>1</use>
<logicalDatatype>LOGDT024</logicalDatatype>
<dataTypeSize>30</dataTypeSize>
<ownDataTypeParameters>30,,</ownDataTypeParameters>
<autoIncrementCycle>false</autoIncrementCycle>
</Column>
<Column name="BIRTH_DATE" id="430E08E9-A2DC-0BAE-963B-9DDC8C8807AA">
<createdBy>Desktop</createdBy>
<createdTime>2024-11-16 18:34:04 UTC</createdTime>
<commentInRDBMS><![CDATA[Este atributo irá receber a data de aniversário do cliente. Seu conteudo é obrigatório.]]></commentInRDBMS>
<generatorID>597800B0-3148-A054-98A0-0D19D7F1D6CC</generatorID>
<ownerDesignName>teste</ownerDesignName>
<useDomainConstraints>false</useDomainConstraints>
<use>1</use>
<logicalDatatype>LOGDT007</logicalDatatype>
<ownDataTypeParameters>,,</ownDataTypeParameters>
<autoIncrementCycle>false</autoIncrementCycle>
</Column>
<Column name="CPF" id="FB333890-EB10-1A19-B7D1-C3D99683079A">
<createdBy>Desktop</createdBy>
<createdTime>2024-11-16 18:34:04 UTC</createdTime>
<commentInRDBMS><![CDATA[Este atributo irá receber o cpf do cliente. Seu conteudo é obrigatório.]]></commentInRDBMS>
<generatorID>3FDFB3BB-2748-B6C1-ED70-30DE580C95A8</generatorID>
<ownerDesignName>teste</ownerDesignName>
<useDomainConstraints>false</useDomainConstraints>
<use>1</use>
<logicalDatatype>LOGDT019</logicalDatatype>
<dataTypePrecision>11</dataTypePrecision>
<ownDataTypeParameters>,11,</ownDataTypeParameters>
<autoIncrementCycle>false</autoIncrementCycle>
</Column>
<Column name="EMAIL_CLIENT" id="788EDD6E-EFFE-C675-2FF8-0DF83EC32D17">
<createdBy>Desktop</createdBy>
<createdTime>2024-11-16 18:34:04 UTC</createdTime>
<commentInRDBMS><![CDATA[Este atributo irá receber o email do cliente. Seu conteudo é obrigatório.]]></commentInRDBMS>
<generatorID>B9DFF1C6-F8B1-8368-37DF-ED2119E8E6DF</generatorID>
<ownerDesignName>teste</ownerDesignName>
<useDomainConstraints>false</useDomainConstraints>
<use>1</use>
<logicalDatatype>LOGDT024</logicalDatatype>
<dataTypeSize>40</dataTypeSize>
<ownDataTypeParameters>40,,</ownDataTypeParameters>
<autoIncrementCycle>false</autoIncrementCycle>
</Column>
<Column name="PHONE_CLIENT" id="4AA1F805-DE8D-FB59-5C5D-A9CA69644EA7">
<createdBy>Desktop</createdBy>
<createdTime>2024-11-16 18:34:04 UTC</createdTime>
<commentInRDBMS><![CDATA[Este atributo irá receber o telefone do cliente. Seu conteudo é obrigatório.]]></commentInRDBMS>
<generatorID>6E17BC19-CCB8-C2C0-50CE-516062BF05C1</generatorID>
<ownerDesignName>teste</ownerDesignName>
<useDomainConstraints>false</useDomainConstraints>
<use>1</use>
<logicalDatatype>LOGDT024</logicalDatatype>
<dataTypeSize>14</dataTypeSize>
<ownDataTypeParameters>14,,</ownDataTypeParameters>
<autoIncrementCycle>false</autoIncrementCycle>
</Column>
<Column name="RENT" id="55C5408B-6B77-9040-A2F0-43BA47F30E5B">
<createdBy>Desktop</createdBy>
<createdTime>2024-11-19 18:46:28 UTC</createdTime>
<commentInRDBMS><![CDATA[Este atributo irá receber True (T) ou False (F) se for aluguel ou nao. Seu conteudo é obrigatório.]]></commentInRDBMS>
<generatorID>22F05F63-5055-82DF-C60D-003D3C8FA3C5</generatorID>
<ownerDesignName>teste</ownerDesignName>
<useDomainConstraints>false</useDomainConstraints>
<use>1</use>
<logicalDatatype>LOGDT006</logicalDatatype>
<dataTypeSize>1</dataTypeSize>
<ownDataTypeParameters>1,,</ownDataTypeParameters>
<autoIncrementCycle>false</autoIncrementCycle>
</Column>
</columns>
<indexes itemClass="oracle.dbtools.crest.model.design.relational.Index">
<ind_PK_UK id="CD75273E-EB67-4C31-1668-8A26FDF25D5C" name="T_CLIENT_PK">
<createdBy>Desktop</createdBy>
<createdTime>2024-11-16 18:34:04 UTC</createdTime>
<generatorID>4D29FDE1-BFB3-64C7-084A-B1F102EFEB40</generatorID>
<ownerDesignName>teste</ownerDesignName>
<pk>true</pk>
<indexState>Primary Constraint</indexState>
<isSurrogateKey>false</isSurrogateKey>
<indexColumnUsage>
<colUsage columnID="6C15CFCE-5FDE-1A15-727D-7C329F23420E"/>
</indexColumnUsage>
</ind_PK_UK>
<ind_PK_UK id="0ED36923-FBC1-B554-C504-9FB8B9AED888" name="T_CLIENT__IDXv1">
<createdBy>Desktop</createdBy>
<createdTime>2024-11-16 18:34:04 UTC</createdTime>
<ownerDesignName>teste</ownerDesignName>
<indexState>Unique Plain Index</indexState>
<isSurrogateKey>false</isSurrogateKey>
<relationGeneratorID>3EE8A18F-EF88-2052-ED7A-167C83184349</relationGeneratorID>
<indexColumnUsage>
<colUsage columnID="01AEF839-5C30-7901-7185-596C0C42A226"/>
</indexColumnUsage>
</ind_PK_UK>
<ind_PK_UK id="579022B9-78C4-82A9-A3E3-9E92959D9A38" name="T_CLIENT__IDX">
<createdBy>Desktop</createdBy>
<createdTime>2024-11-19 18:46:28 UTC</createdTime>
<ownerDesignName>teste</ownerDesignName>
<indexState>Unique Plain Index</indexState>
<isSurrogateKey>false</isSurrogateKey>
<relationGeneratorID>118A02FA-ED20-F5C5-1730-F80B16A71E77</relationGeneratorID>
<indexColumnUsage>
<colUsage columnID="749E34A8-2FB2-A10E-C632-8C55955AE58C"/>
</indexColumnUsage>
</ind_PK_UK>
<ind_PK_UK id="CFFF4311-912E-D1D9-1D9B-FC072BD3B2CF" name="Relation_6">
<createdBy>Desktop</createdBy>
<createdTime>2024-11-16 18:34:04 UTC</createdTime>
<generatorID>3EE8A18F-EF88-2052-ED7A-167C83184349</generatorID>
<ownerDesignName>teste</ownerDesignName>
<indexState>Foreign Key</indexState>
<isSurrogateKey>false</isSurrogateKey>
<indexColumnUsage>
<colUsage columnID="01AEF839-5C30-7901-7185-596C0C42A226"/>
</indexColumnUsage>
</ind_PK_UK>
<ind_PK_UK id="3D381560-09BF-4B98-32C5-2DBF0CB8403D" name="Relation_12">
<createdBy>Desktop</createdBy>
<createdTime>2024-11-19 18:46:28 UTC</createdTime>
<generatorID>118A02FA-ED20-F5C5-1730-F80B16A71E77</generatorID>
<ownerDesignName>teste</ownerDesignName>
<indexState>Foreign Key</indexState>
<isSurrogateKey>false</isSurrogateKey>
<indexColumnUsage>
<colUsage columnID="749E34A8-2FB2-A10E-C632-8C55955AE58C"/>
</indexColumnUsage>
</ind_PK_UK>
</indexes>
</Table>
