[
    {
        "service": {
            "id_service": 1,
            "id_client": 1,
            "id_company": 1,
            "id_tp_service": 1,
            "type_user": "Residential"
        },
        "client": {
            "id_client": 1,
            "id_address": 1,
            "id_tp_property": 1,
            "client_name": "Lucas Silva",
            "birth_date": "1990-05-15",
            "cpf": 12345678900,
            "email_client": "lucas.silva@example.com",
            "phone_client": "123-456-7890",
            "rent": "N"
        },
        "company": {
            "id_company": 1,
            "id_address": 1,
            "id_regions": 1,
            "id_tp_property": 1,
            "company_name": "TechCorp",
            "cnpj": 12345678910,
            "email_company": "contact@techcorp.com",
            "phone_company": "123-456-7890"
        }
    },
    {
        "service": {
            "id_service": 2,
            "id_client": 2,
            "id_company": 2,
            "id_tp_service": 2,
            "type_user": "Commercial"
        },
        "client": {
            "id_client": 2,
            "id_address": 2,
            "id_tp_property": 2,
            "client_name": "Mariana Costa",
            "birth_date": "1985-07-22",
            "cpf": 98765432100,
            "email_client": "mariana.costa@example.com",
            "phone_client": "098-765-4321",
            "rent": "Y"
        },
        "company": {
            "id_company": 2,
            "id_address": 2,
            "id_regions": 2,
            "id_tp_property": 2,
            "company_name": "EcoSolutions",
            "cnpj": 12345678910,
            "email_company": "info@ecosolutions.com",
            "phone_company": "098-765-4321"
        }
    },
    {
        "service": {
            "id_service": 3,
            "id_client": 3,
            "id_company": 3,
            "id_tp_service": 3,
            "type_user": "Industrial"
        },
        "client": {
            "id_client": 3,
            "id_address": 3,
            "id_tp_property": 3,
            "client_name": "Júlia Pereira",
            "birth_date": "1992-11-30",
            "cpf": 11223344556,
            "email_client": "julia.pereira@example.com",
            "phone_client": "112-233-4455",
            "rent": "N"
        },
        "company": {
            "id_company": 3,
            "id_address": 3,
            "id_regions": 3,
            "id_tp_property": 3,
            "company_name": "Foodies",
            "cnpj": 12345678910,
            "email_company": "hello@foodies.com",
            "phone_company": "112-233-4455"
        }
    },
    {
        "service": {
            "id_service": 4,
            "id_client": 4,
            "id_company": 4,
            "id_tp_service": 4,
            "type_user": "Government"
        },
        "client": {
            "id_client": 4,
            "id_address": 4,
            "id_tp_property": 4,
            "client_name": "Carlos Alberto",
            "birth_date": "1975-02-10",
            "cpf": 55667788990,
            "email_client": "carlos.alberto@example.com",
            "phone_client": "223-344-5566",
            "rent": "Y"
        },
        "company": {
            "id_company": 4,
            "id_address": 4,
            "id_regions": 4,
            "id_tp_property": 4,
            "company_name": "TravelWise",
            "cnpj": 12345678910,
            "email_company": "support@travelwise.com",
            "phone_company": "223-344-5566"
        }
    },
    {
        "service": {
            "id_service": 5,
            "id_client": 5,
            "id_company": 5,
            "id_tp_service": 5,
            "type_user": "Non-profit"
        },
        "client": {
            "id_client": 5,
            "id_address": 5,
            "id_tp_property": 5,
            "client_name": "Ana Paula",
            "birth_date": "1988-03-05",
            "cpf": 99887766554,
            "email_client": "ana.paula@example.com",
            "phone_client": "334-455-6677",
            "rent": "N"
        },
        "company": {
            "id_company": 5,
            "id_address": 5,
            "id_regions": 5,
            "id_tp_property": 5,
            "company_name": "HealthPlus",
            "cnpj": 12345678910,
            "email_company": "contact@healthplus.com",
            "phone_company": "334-455-6677"
        }
    },
    {
        "service": {
            "id_service": 6,
            "id_client": 6,
            "id_company": 6,
            "id_tp_service": 6,
            "type_user": "Residential"
        },
        "client": {
            "id_client": 6,
            "id_address": 6,
            "id_tp_property": 6,
            "client_name": "Fernando Oliveira",
            "birth_date": "1980-08-13",
            "cpf": 33445566778,
            "email_client": "fernando.oliveira@example.com",
            "phone_client": "445-566-7788",
            "rent": "Y"
        },
        "company": {
            "id_company": 6,
            "id_address": 6,
            "id_regions": 6,
            "id_tp_property": 6,
            "company_name": "BrightFuture",
            "cnpj": 12345678910,
            "email_company": "contact@brightfuture.com",
            "phone_company": "445-566-7788"
        }
    },
    {
        "service": {
            "id_service": 7,
            "id_client": 7,
            "id_company": 7,
            "id_tp_service": 7,
            "type_user": "Commercial"
        },
        "client": {
            "id_client": 7,
            "id_address": 7,
            "id_tp_property": 7,
            "client_name": "Beatriz Mendes",
            "birth_date": "1995-12-21",
            "cpf": 66778899001,
            "email_client": "beatriz.mendes@example.com",
            "phone_client": "556-677-8899",
            "rent": "N"
        },
        "company": {
            "id_company": 7,
            "id_address": 7,
            "id_regions": 7,
            "id_tp_property": 7,
            "company_name": "EduWorld",
            "cnpj": 12345678910,
            "email_company": "info@eduworld.com",
            "phone_company": "556-677-8899"
        }
    },
    {
        "service": {
            "id_service": 8,
            "id_client": 8,
            "id_company": 8,
            "id_tp_service": 8,
            "type_user": "Industrial"
        },
        "client": {
            "id_client": 8,
            "id_address": 8,
            "id_tp_property": 8,
            "client_name": "Rafael Gomes",
            "birth_date": "1983-04-09",
            "cpf": 44556677889,
            "email_client": "rafael.gomes@example.com",
            "phone_client": "667-788-9900",
            "rent": "Y"
        },
        "company": {
            "id_company": 8,
            "id_address": 8,
            "id_regions": 8,
            "id_tp_property": 8,
            "company_name": "Innovatech",
            "cnpj": 12345678910,
            "email_company": "support@innovatech.com",
            "phone_company": "667-788-9900"
        }
    },
    {
        "service": {
            "id_service": 9,
            "id_client": 9,
            "id_company": 9,
            "id_tp_service": 9,
            "type_user": "Government"
        },
        "client": {
            "id_client": 9,
            "id_address": 9,
            "id_tp_property": 9,
            "client_name": "Carla Ferreira",
            "birth_date": "1991-06-18",
            "cpf": 77889900112,
            "email_client": "carla.ferreira@example.com",
            "phone_client": "778-899-0011",
            "rent": "N"
        },
        "company": {
            "id_company": 9,
            "id_address": 9,
            "id_regions": 9,
            "id_tp_property": 9,
            "company_name": "GreenLeaf",
            "cnpj": 12345678910,
            "email_company": "hello@greenleaf.com",
            "phone_company": "778-899-0011"
        }
    },
    {
        "service": {
            "id_service": 10,
            "id_client": 10,
            "id_company": 10,
            "id_tp_service": 10,
            "type_user": "Non-profit"
        },
        "client": {
            "id_client": 10,
            "id_address": 10,
            "id_tp_property": 10,
            "client_name": "Marcelo Lima",
            "birth_date": "1989-09-29",
            "cpf": 88990011223,
            "email_client": "marcelo.lima@example.com",
            "phone_client": "889-001-1223",
            "rent": "Y"
        },
        "company": {
            "id_company": 10,
            "id_address": 10,
            "id_regions": 10,
            "id_tp_property": 10,
            "company_name": "SafeGuard",
            "cnpj": 12345678910,
            "email_company": "contact@safeguard.com",
            "phone_company": "889-001-1223"
        }
    }
]