<?xml version = '1.0' encoding = 'UTF-8'?>
<FKIndexAssociation class="oracle.dbtools.crest.model.design.relational.FKIndexAssociation" directorySegmentName="seg_0" id="0F982DEF-537A-2F2A-BEBA-C971BD5FDD69" containerWithKeyObject="06F2B4B3-C942-5469-696D-C9CE33C50C8A" localFKIndex="DCB18C61-D14C-BEEC-1099-57C07C587244" name="Relation_18">
<createdBy>Desktop</createdBy>
<createdTime>2024-11-19 18:46:28 UTC</createdTime>
<generatorID>58C0F055-9876-B247-E4CF-C16C7CC643CF</generatorID>
<ownerDesignName>teste</ownerDesignName>
<referredTableLongName>T_STATE</referredTableLongName>
<deleteRule>NO ACTION</deleteRule>
<referredTableID>5E339481-5169-735F-95A2-F8D611F6A11D</referredTableID>
<keyObject>18EA65B2-F776-EF7E-7988-7E04FC2B9990</keyObject>
<referredKeyID>18EA65B2-F776-EF7E-7988-7E04FC2B9990</referredKeyID>
<mandatory>true</mandatory>
<refColNames>ID_STATE</refColNames>
<transferable>true</transferable>
<rely>false</rely>
<columnDependencyConstraintGenerateInDDL>true</columnDependencyConstraintGenerateInDDL>
</FKIndexAssociation>
