<?xml version = '1.0' encoding = 'UTF-8'?>
<FKIndexAssociation class="oracle.dbtools.crest.model.design.relational.FKIndexAssociation" directorySegmentName="seg_0" id="1CC41214-E88F-8B3F-5469-14949159C25A" containerWithKeyObject="0306F4A1-2B71-93C6-C1C3-FA0C0FE8A186" localFKIndex="C527B569-712C-E0F4-5DFF-53607F4048EB" name="Relation_7">
<createdBy>Desktop</createdBy>
<createdTime>2024-11-16 18:34:04 UTC</createdTime>
<generatorID>10BD83C5-8E7D-6A3B-4C68-1F4BDFACB492</generatorID>
<ownerDesignName>teste</ownerDesignName>
<referredTableLongName>T_ADDRESS</referredTableLongName>
<deleteRule>NO ACTION</deleteRule>
<referredTableID>AA86EF77-A51E-6890-285B-2EAFCDE27E4E</referredTableID>
<keyObject>3D68842F-B011-B71B-D68B-E8A9B8DFCEA8</keyObject>
<referredKeyID>3D68842F-B011-B71B-D68B-E8A9B8DFCEA8</referredKeyID>
<mandatory>true</mandatory>
<refColNames>ID_ADDRESS</refColNames>
<transferable>true</transferable>
<rely>false</rely>
<columnDependencyConstraintGenerateInDDL>true</columnDependencyConstraintGenerateInDDL>
</FKIndexAssociation>
