<?xml version = '1.0' encoding = 'UTF-8'?>
<FKIndexAssociation class="oracle.dbtools.crest.model.design.relational.FKIndexAssociation" directorySegmentName="seg_0" id="2B93E999-2893-1488-C8EB-3D9A055A88EB" containerWithKeyObject="86A517D7-F221-CA80-BD93-045642217887" localFKIndex="96483F9F-08F8-52A0-63C9-2EE1EA56E555" name="Relation_14">
<createdBy>Desktop</createdBy>
<createdTime>2024-11-19 18:46:28 UTC</createdTime>
<generatorID>680DCF8E-CECE-7762-A8B3-79F986CC67FE</generatorID>
<ownerDesignName>teste</ownerDesignName>
<referredTableLongName>T_COMPANY</referredTableLongName>
<deleteRule>NO ACTION</deleteRule>
<referredTableID>0306F4A1-2B71-93C6-C1C3-FA0C0FE8A186</referredTableID>
<keyObject>A5355C1C-546D-16B5-95E2-CEB4535AB677</keyObject>
<referredKeyID>A5355C1C-546D-16B5-95E2-CEB4535AB677</referredKeyID>
<mandatory>true</mandatory>
<refColNames>ID_COMPANY</refColNames>
<transferable>true</transferable>
<rely>false</rely>
<columnDependencyConstraintGenerateInDDL>true</columnDependencyConstraintGenerateInDDL>
</FKIndexAssociation>
