<?xml version = '1.0' encoding = 'UTF-8'?>
<FKIndexAssociation class="oracle.dbtools.crest.model.design.relational.FKIndexAssociation" directorySegmentName="seg_0" id="4E16C3CF-01D2-5D28-EDFC-F689145FE554" containerWithKeyObject="5E339481-5169-735F-95A2-F8D611F6A11D" localFKIndex="C2A83251-CBA3-BBA3-721A-17AF362C01CC" name="Relation_17">
<createdBy>Desktop</createdBy>
<createdTime>2024-11-19 18:46:28 UTC</createdTime>
<generatorID>358C738B-104D-1285-FCF9-16F9945BB1D6</generatorID>
<ownerDesignName>teste</ownerDesignName>
<referredTableLongName>T_COUNTRY</referredTableLongName>
<deleteRule>NO ACTION</deleteRule>
<referredTableID>CA9597C6-FFA3-998C-3CE4-A5238EBFA609</referredTableID>
<keyObject>EDA23E46-7FE5-7D86-8730-2482F83E7E84</keyObject>
<referredKeyID>EDA23E46-7FE5-7D86-8730-2482F83E7E84</referredKeyID>
<mandatory>true</mandatory>
<refColNames>ID_COUNTRY</refColNames>
<transferable>true</transferable>
<rely>false</rely>
<columnDependencyConstraintGenerateInDDL>true</columnDependencyConstraintGenerateInDDL>
</FKIndexAssociation>
