<?xml version = '1.0' encoding = 'UTF-8'?>
<FKIndexAssociation class="oracle.dbtools.crest.model.design.relational.FKIndexAssociation" directorySegmentName="seg_0" id="4F266A23-26F7-B31D-8E44-9567B03B1941" containerWithKeyObject="0306F4A1-2B71-93C6-C1C3-FA0C0FE8A186" localFKIndex="347CDD79-80AD-1EA0-2344-B852A2746666" name="Relation_16">
<createdBy>Desktop</createdBy>
<createdTime>2024-11-19 18:46:28 UTC</createdTime>
<generatorID>FAE5F2EB-DA42-3B9B-C09B-758D675AFA82</generatorID>
<ownerDesignName>teste</ownerDesignName>
<referredTableLongName>T_REGIONS</referredTableLongName>
<deleteRule>NO ACTION</deleteRule>
<referredTableID>B511C27E-5963-B3A1-7188-D6D633659B8B</referredTableID>
<keyObject>E28A5DD0-89EA-58EB-96CC-D1C2B0BC606B</keyObject>
<referredKeyID>E28A5DD0-89EA-58EB-96CC-D1C2B0BC606B</referredKeyID>
<mandatory>true</mandatory>
<refColNames>ID_REGIONS</refColNames>
<transferable>true</transferable>
<rely>false</rely>
<columnDependencyConstraintGenerateInDDL>true</columnDependencyConstraintGenerateInDDL>
</FKIndexAssociation>
