<?xml version = '1.0' encoding = 'UTF-8'?>
<FKIndexAssociation class="oracle.dbtools.crest.model.design.relational.FKIndexAssociation" directorySegmentName="seg_0" id="53A58483-3F34-3F2D-D7E4-000D1A741F58" containerWithKeyObject="84EFB409-7B3F-622F-1225-3A17DD504D9B" localFKIndex="BB12A27B-2801-AF65-B97D-B9134A4789B4" name="Relation_20">
<createdBy>Desktop</createdBy>
<createdTime>2024-11-19 18:46:28 UTC</createdTime>
<generatorID>76FF5837-4B90-9B60-FA44-31B5ABE43983</generatorID>
<ownerDesignName>teste</ownerDesignName>
<referredTableLongName>T_CLIENT</referredTableLongName>
<deleteRule>NO ACTION</deleteRule>
<referredTableID>D7AE4663-6467-7AE8-D16A-D7AA354E3A61</referredTableID>
<keyObject>CD75273E-EB67-4C31-1668-8A26FDF25D5C</keyObject>
<referredKeyID>CD75273E-EB67-4C31-1668-8A26FDF25D5C</referredKeyID>
<mandatory>true</mandatory>
<refColNames>ID_CLIENT</refColNames>
<transferable>true</transferable>
<rely>false</rely>
<columnDependencyConstraintGenerateInDDL>true</columnDependencyConstraintGenerateInDDL>
</FKIndexAssociation>
