<?xml version = '1.0' encoding = 'UTF-8'?>
<FKIndexAssociation class="oracle.dbtools.crest.model.design.relational.FKIndexAssociation" directorySegmentName="seg_0" id="5944F1F2-DEDD-A20E-B002-E437239AC25D" containerWithKeyObject="AA86EF77-A51E-6890-285B-2EAFCDE27E4E" localFKIndex="ECF169E3-176F-14CB-05D4-BC8A4C53CF7A" name="Relation_1">
<createdBy>Desktop</createdBy>
<createdTime>2024-11-16 18:34:04 UTC</createdTime>
<generatorID>E2C15E6B-9BCA-05D3-7202-97C01CD6F371</generatorID>
<ownerDesignName>teste</ownerDesignName>
<referredTableLongName>T_CITIES</referredTableLongName>
<deleteRule>NO ACTION</deleteRule>
<referredTableID>06F2B4B3-C942-5469-696D-C9CE33C50C8A</referredTableID>
<keyObject>EF38E3A6-2720-921E-1B95-89959650D6CA</keyObject>
<referredKeyID>EF38E3A6-2720-921E-1B95-89959650D6CA</referredKeyID>
<mandatory>true</mandatory>
<refColNames>ID_CITY</refColNames>
<transferable>true</transferable>
<rely>false</rely>
<columnDependencyConstraintGenerateInDDL>true</columnDependencyConstraintGenerateInDDL>
</FKIndexAssociation>
