<?xml version = '1.0' encoding = 'UTF-8'?>
<FKIndexAssociation class="oracle.dbtools.crest.model.design.relational.FKIndexAssociation" directorySegmentName="seg_0" id="798DDEAB-3F2C-426B-6329-4B4047E37D2A" containerWithKeyObject="0306F4A1-2B71-93C6-C1C3-FA0C0FE8A186" localFKIndex="6E1A2310-F6F9-53D7-B061-C30424131B92" name="Relation_21">
<createdBy>Desktop</createdBy>
<createdTime>2024-11-19 18:46:28 UTC</createdTime>
<generatorID>3994E467-F3C3-4EC3-CF22-EC24DD4AA8B2</generatorID>
<ownerDesignName>teste</ownerDesignName>
<referredTableLongName>T_TYPE_PROPERTY</referredTableLongName>
<deleteRule>NO ACTION</deleteRule>
<referredTableID>6797D77B-B47F-AC7D-8BFC-7612C11FFBAB</referredTableID>
<keyObject>144E2001-BBBF-5117-4283-5A2FAB2B310E</keyObject>
<referredKeyID>144E2001-BBBF-5117-4283-5A2FAB2B310E</referredKeyID>
<mandatory>true</mandatory>
<refColNames>ID_TP_PROPERTY</refColNames>
<transferable>true</transferable>
<rely>false</rely>
<columnDependencyConstraintGenerateInDDL>true</columnDependencyConstraintGenerateInDDL>
</FKIndexAssociation>
