<?xml version = '1.0' encoding = 'UTF-8'?>
<FKIndexAssociation class="oracle.dbtools.crest.model.design.relational.FKIndexAssociation" directorySegmentName="seg_0" id="957F814B-D3A5-7536-652E-186CE27799D8" containerWithKeyObject="86A517D7-F221-CA80-BD93-045642217887" localFKIndex="CF7B27D3-A596-CFC8-7D9C-E27F109F4CD1" name="Relation_15">
<createdBy>Desktop</createdBy>
<createdTime>2024-11-19 18:46:28 UTC</createdTime>
<generatorID>6FEBCCC4-25D6-6AEA-D8B1-E22488CCE204</generatorID>
<ownerDesignName>teste</ownerDesignName>
<referredTableLongName>T_TYPE_SERVICE</referredTableLongName>
<deleteRule>NO ACTION</deleteRule>
<referredTableID>B67B3323-F5C6-1DD1-3371-DC5E033FCC83</referredTableID>
<keyObject>3A22234C-7FAE-B3A4-CE97-2E6427F7F57D</keyObject>
<referredKeyID>3A22234C-7FAE-B3A4-CE97-2E6427F7F57D</referredKeyID>
<mandatory>true</mandatory>
<refColNames>ID_TP_SERVICE</refColNames>
<transferable>true</transferable>
<rely>false</rely>
<columnDependencyConstraintGenerateInDDL>true</columnDependencyConstraintGenerateInDDL>
</FKIndexAssociation>
