<?xml version = '1.0' encoding = 'UTF-8'?>
<FKIndexAssociation class="oracle.dbtools.crest.model.design.relational.FKIndexAssociation" directorySegmentName="seg_0" id="9BA7A488-EE55-3DB6-0E7D-132556B40B0D" containerWithKeyObject="D7AE4663-6467-7AE8-D16A-D7AA354E3A61" localFKIndex="3D381560-09BF-4B98-32C5-2DBF0CB8403D" name="Relation_12">
<createdBy>Desktop</createdBy>
<createdTime>2024-11-19 18:46:28 UTC</createdTime>
<generatorID>118A02FA-ED20-F5C5-1730-F80B16A71E77</generatorID>
<ownerDesignName>teste</ownerDesignName>
<referredTableLongName>T_TYPE_PROPERTY</referredTableLongName>
<deleteRule>NO ACTION</deleteRule>
<referredTableID>6797D77B-B47F-AC7D-8BFC-7612C11FFBAB</referredTableID>
<keyObject>144E2001-BBBF-5117-4283-5A2FAB2B310E</keyObject>
<referredKeyID>144E2001-BBBF-5117-4283-5A2FAB2B310E</referredKeyID>
<mandatory>true</mandatory>
<refColNames>ID_TP_PROPERTY</refColNames>
<transferable>true</transferable>
<rely>false</rely>
<columnDependencyConstraintGenerateInDDL>true</columnDependencyConstraintGenerateInDDL>
</FKIndexAssociation>
