<?xml version = '1.0' encoding = 'UTF-8'?>
<FKIndexAssociation class="oracle.dbtools.crest.model.design.relational.FKIndexAssociation" directorySegmentName="seg_0" id="DF32C1F0-883A-7F9F-DDFB-427CF4E7D6CA" containerWithKeyObject="D7AE4663-6467-7AE8-D16A-D7AA354E3A61" localFKIndex="CFFF4311-912E-D1D9-1D9B-FC072BD3B2CF" name="Relation_6">
<createdBy>Desktop</createdBy>
<createdTime>2024-11-16 18:34:04 UTC</createdTime>
<generatorID>3EE8A18F-EF88-2052-ED7A-167C83184349</generatorID>
<ownerDesignName>teste</ownerDesignName>
<referredTableLongName>T_ADDRESS</referredTableLongName>
<deleteRule>NO ACTION</deleteRule>
<referredTableID>AA86EF77-A51E-6890-285B-2EAFCDE27E4E</referredTableID>
<keyObject>3D68842F-B011-B71B-D68B-E8A9B8DFCEA8</keyObject>
<referredKeyID>3D68842F-B011-B71B-D68B-E8A9B8DFCEA8</referredKeyID>
<mandatory>true</mandatory>
<refColNames>ID_ADDRESS</refColNames>
<transferable>true</transferable>
<rely>false</rely>
<columnDependencyConstraintGenerateInDDL>true</columnDependencyConstraintGenerateInDDL>
</FKIndexAssociation>
