<?xml version = '1.0' encoding = 'UTF-8'?>
<FKIndexAssociation class="oracle.dbtools.crest.model.design.relational.FKIndexAssociation" directorySegmentName="seg_0" id="EB6D39D1-DA24-B221-D289-ED7648FFB1D8" containerWithKeyObject="86A517D7-F221-CA80-BD93-045642217887" localFKIndex="8946E88E-FCCA-B607-FEAD-D619ED20363C" name="Relation_13">
<createdBy>Desktop</createdBy>
<createdTime>2024-11-19 18:46:28 UTC</createdTime>
<generatorID>4B919930-621E-59D2-B77F-EB13557B6B54</generatorID>
<ownerDesignName>teste</ownerDesignName>
<referredTableLongName>T_CLIENT</referredTableLongName>
<deleteRule>NO ACTION</deleteRule>
<referredTableID>D7AE4663-6467-7AE8-D16A-D7AA354E3A61</referredTableID>
<keyObject>CD75273E-EB67-4C31-1668-8A26FDF25D5C</keyObject>
<referredKeyID>CD75273E-EB67-4C31-1668-8A26FDF25D5C</referredKeyID>
<mandatory>true</mandatory>
<refColNames>ID_CLIENT</refColNames>
<transferable>true</transferable>
<rely>false</rely>
<columnDependencyConstraintGenerateInDDL>true</columnDependencyConstraintGenerateInDDL>
</FKIndexAssociation>
